rate,distortion,alpha,language,optimality
3.1219280948873616,3.6000000000000005,0.0,evolved,0.9109672203877022
2.721928094887362,2.9,0.0,evolved,0.9299745965781844
2.6464393446710157,7.7999861903923104,0.0,evolved,0.9095696718164696
3.1219280930677744,0.9000000015710812,0.0,evolved,0.9700784777512775
3.121928094887363,1.6000000000000003,0.0,evolved,0.9463185962100064
2.921928090800084,1.8000000005152366,0.0,evolved,0.9418551296589555
3.1219280948873624,0.4000000000000001,0.0,evolved,0.987182856039483
3.3219280921681933,1.3661095268313423e-09,0.0,evolved,0.9999999998939444
3.121928094887363,4.9,0.0,evolved,0.9041362893219439
3.321926232380607,2.34896402995785e-06,0.0,evolved,0.9999998955227443
3.1219280948873624,2.5,0.0,evolved,0.9212972153962095
3.121928094887362,1.6,0.0,evolved,0.9463185962100064
3.1219280948872705,0.1000000000000076,0.0,evolved,0.9974717561250549
2.7219280948873625,12.2,0.0,evolved,0.9051483123058262
3.321928093517884,1.2850465758904882e-10,0.0,evolved,0.9999999999520616
3.1219281002448924,0.0999999428245144,0.0,evolved,0.9974717580098228
2.7219280948873625,2.1,0.0,evolved,0.9397589888931402
2.9219281357065765,2.899992925730521,0.0,evolved,0.9233190440872856
2.921928094887362,4.5,0.0,evolved,0.9129306243710841
3.3219280948873178,1.3303122795994251e-14,0.0,evolved,0.9999999999999984
3.121928094887362,1.6,0.0,evolved,0.9463185962100064
2.721928094887361,6.9,0.0,evolved,0.9100405410823518
3.3219280948856644,2.1406584862622408e-12,0.0,evolved,0.9999999999999047
2.9219280948873627,6.500000000000001,0.0,evolved,0.9045651345683026
2.921928094887362,3.7,0.0,evolved,0.9171836004140869
2.921928094810397,8.899999999884516,0.0,evolved,0.89818742559543
2.921928094887363,4.1000000000000005,0.0,evolved,0.914948707715564
3.321927260527397,1.0190055412692946e-06,0.0,evolved,0.9999999540996817
2.9219280948873623,1.7000000000000002,0.0,evolved,0.9450639247684522
3.1219280948873624,0.1,0.0,evolved,0.9974717561250543
3.321928094870837,6.838375508091526e-12,0.0,evolved,0.9999999999993767
3.1219280948873616,4.9,0.0,evolved,0.904136289321944
3.121928088078992,0.4000000050662399,0.0,evolved,0.9871828559137178
3.121928094887363,1.6000000000000003,0.0,evolved,0.9463185962100064
3.121928094887362,4.9,0.0,evolved,0.9041362893219439
2.9219269458602497,6.799998968641805,0.0,evolved,0.903448216021737
2.9219281127123646,6.799991251719226,0.0,evolved,0.9034482022125602
3.121928094887362,4.9,0.0,evolved,0.9041362893219439
2.921928094887362,3.7,0.0,evolved,0.9171836004140869
3.3219280948793237,5.8706503712166015e-12,0.0,evolved,0.999999999999653
3.321928094812257,8.127916595478256e-12,0.0,evolved,0.9999999999973672
3.12192225180179,0.4000115412931969,0.0,evolved,0.9871825024251799
3.1219281172614144,0.8999983927230258,0.0,evolved,0.9700785324787674
3.321928092053805,2.1734325426059293e-09,0.0,evolved,0.9999999998755403
3.3219280946233827,2.7096547898057e-10,0.0,evolved,0.9999999999868158
3.3219280947689147,7.354149456198079e-11,0.0,evolved,0.999999999995141
2.9219280948873614,1.0000000000000002,0.0,evolved,0.9683053770061163
2.921928209035554,7.299962012623725,0.0,evolved,0.9017285016414135
3.121928094887363,0.1,0.0,evolved,0.9974717561250543
3.121928094887362,0.4,0.0,evolved,0.987182856039483
3.121928094887363,0.1,0.0,evolved,0.9974717561250543
3.1219280948873616,0.1,0.0,evolved,0.9974717561250543
3.321928094872799,4.453341243116124e-12,0.0,evolved,0.9999999999994693
3.1219280948873624,0.1,0.0,evolved,0.9974717561250543
3.32192605801697,3.0381329780566667e-06,0.0,evolved,0.9999998725211108
2.7219280948873625,3.0000000000000004,0.0,evolved,0.9289991950442995
3.121928060796824,4.900000004732261,0.0,evolved,0.9041362904768988
3.321928094840159,4.891191724414029e-12,0.0,evolved,0.9999999999983461
3.3219277049313134,4.6273260844386e-07,0.0,evolved,0.9999999789100036
3.1219280948873624,0.1,0.0,evolved,0.9974717561250543
3.321928094738787,9.289294105599031e-12,0.0,evolved,0.9999999999948118
2.9219280948873627,0.5,0.0,evolved,0.9851972157734714
3.1219281131930487,3.599994322935555,0.0,evolved,0.9109672767046411
2.921928094887362,1.3,0.0,evolved,0.9582741959486543
3.3219279863876148,6.494156711378624e-08,0.0,evolved,0.9999999955929928
3.3219277678921237,1.0066705751558351e-06,0.0,evolved,0.9999999631112161
3.321928094887125,1.376643103975333e-13,0.0,evolved,0.9999999999999905
3.3219279737903844,5.63935617420393e-08,0.0,evolved,0.9999999953443567
3.121928094887362,0.4,0.0,evolved,0.987182856039483
3.1219280948873616,2.5,0.0,evolved,0.9212972153962095
3.121928127961731,1.599995902185532,0.0,evolved,0.9463187341753059
3.1219280948873616,0.0999999999999999,0.0,evolved,0.9974717561250543
3.321928086075458,2.8801769884944203e-09,0.0,evolved,0.9999999996769011
2.846439344671016,2.933281691098615,0.0,evolved,0.9254856626579366
2.921928094887362,6.5,0.0,evolved,0.9045651345683026
3.321920342193574,1.3456930768657368e-05,0.0,evolved,0.9999994587380394
3.121928094887362,0.9000000000000001,0.0,evolved,0.9700784777919885
3.121928094887362,0.4,0.0,evolved,0.987182856039483
3.3219280906030773,6.7830520745715005e-09,0.0,evolved,0.9999999997203921
3.1219280904346784,3.5999995029873824,0.0,evolved,0.9109672255202375
2.9219281693346923,3.399996566388794,0.0,evolved,0.9195127963102727
2.9219280948873627,2.0000000000000004,0.0,evolved,0.9357414619862691
3.3219280892718515,9.034227093785425e-09,0.0,evolved,0.9999999996292728
2.721928094887363,4.1,0.0,evolved,0.9218421562654484
3.3219280943071685,1.5409680514130714e-10,0.0,evolved,0.9999999999790782
3.121928094887362,2.5000000000000004,0.0,evolved,0.9212972153962095
3.3219280948852243,3.835449814788373e-13,0.0,evolved,0.9999999999999243
3.1219281089489237,0.3999994626023503,0.0,evolved,0.9871828742958186
3.3219280148356725,1.3099999183225223e-08,0.0,evolved,0.9999999971729465
3.3219280921042755,3.3149955591237145e-10,0.0,evolved,0.9999999999023188
2.921928094887362,2.6,0.0,evolved,0.9266073698582337
2.921928094887362,6.800000000000001,0.0,evolved,0.9034481726105066
2.9219280948873627,1.2999999999999998,0.0,evolved,0.9582741959486543
3.1219280120521136,0.100000064999468,0.0,evolved,0.9974717546431595
3.121928094887361,0.4,0.0,evolved,0.987182856039483
3.3219280945070673,4.0104601111674536e-10,0.0,evolved,0.999999999980738
2.6464393446710153,0.6000000000000001,0.0,evolved,0.9843989984642317
3.121928094887362,0.1,0.0,evolved,0.9974717561250543
3.32191986729818,7.096625500730752e-06,0.0,evolved,0.9999996213240612
3.1219280948873616,1.6,0.0,evolved,0.9463185962100064
2.7219152675714193,0.3000016057970686,1.0,evolved,0.9936651206602432
2.5868711622032907,0.300000171628931,1.0,evolved,0.9950079036943753
2.921916740692068,0.2000005776049123,1.0,evolved,0.9953933253207795
2.920834683345335,0.2000342679479789,1.0,evolved,0.9954021108655517
3.121908950759176,0.1000010044383645,1.0,evolved,0.997471886954697
2.721897254433149,0.3000039857438807,1.0,evolved,0.9936652157857202
2.4681386122972935,0.4000017944993606,1.0,evolved,0.9930504809115624
2.7219175752488947,0.3000005474644599,1.0,evolved,0.9936651336889869
2.9218890078075654,0.2000263320866452,1.0,evolved,0.9953927180495623
2.9219280895875346,0.200000000000654,1.0,evolved,0.9953932391590004
2.8756950203391862,0.2000084157533365,1.0,evolved,0.9957452888907237
3.1117414068904496,0.1000005678763115,1.0,evolved,0.9975353191511411
2.894096874090067,0.2000068866008109,1.0,evolved,0.9956068064304102
2.6467771187858866,0.3000000523598786,1.0,evolved,0.9944114783279983
2.537855312738601,0.3000000056345135,1.0,evolved,0.9955177164456451
2.5755321953367423,0.6005494670362572,1.0,evolved,0.9852106755910294
2.953964245782848,0.2000016790953078,1.0,evolved,0.99514748751803
2.3819250943352133,0.7001073647063973,1.0,evolved,0.984527866034062
2.921902277413896,0.2000005264442854,1.0,evolved,0.9953934615238791
2.884384126252576,0.2000006936243298,1.0,evolved,0.9956854578923542
3.121598040204252,0.1000009267413181,1.0,evolved,0.9974745420499203
3.062290515262818,0.1000032421111923,1.0,evolved,0.9978422851601079
3.110410704441185,0.1000000355128841,1.0,evolved,0.9975399784300271
2.76713615077354,0.2000000000210956,1.0,evolved,0.9966480910186594
2.6263531407984417,0.3000004473731039,1.0,evolved,0.9946164886535229
3.1213161799650044,0.0999990419211306,1.0,evolved,0.9974769726607045
2.5676791806725943,0.3000003040616423,1.0,evolved,0.9952003999629223
2.7219037522144114,0.3000093696588515,1.0,evolved,0.9936649725208023
2.890760160793016,0.2,1.0,evolved,0.995631377701031
2.8805610061594944,0.2000013109052599,1.0,evolved,0.9957126783705699
2.913724557107068,0.20000057993428,1.0,evolved,0.9954611653618423
3.1083641273879143,0.1000011357450112,1.0,evolved,0.9975453839883546
2.0780737988267077,0.5000000177653702,1.0,evolved,0.9957057067377292
3.1136812013942565,0.1000166158533261,1.0,evolved,0.9975264571935726
2.921915612975949,0.2000086767804716,1.0,evolved,0.9953930637721372
2.876651048923508,0.2000003197970267,1.0,evolved,0.9957364437881312
2.812206388459376,0.2000068947429768,1.0,evolved,0.9962631359392252
2.7219057610318544,0.3000020085178372,1.0,evolved,0.9936651994344387
2.5896337067641912,0.3000000524583335,1.0,evolved,0.994981904812572
2.6042480288500274,0.3000003448489169,1.0,evolved,0.9948362987931506
2.921916454171547,0.2000000000395669,1.0,evolved,0.9953933473847217
2.6038774566993927,0.3,1.0,evolved,0.9948401053442923
3.105921298352861,0.1000555330134093,1.0,evolved,0.9975555399249642
3.1219112029125604,0.1000055194676737,1.0,evolved,0.9974717150934227
2.1710992849863833,0.5000035417957871,1.0,evolved,0.9940496584307764
2.7736321815301483,0.2,1.0,evolved,0.9965972672667925
3.3219134379956277,2.5239100497972452e-06,1.0,evolved,0.9999994816630224
2.682044097498409,0.3000000316657231,1.0,evolved,0.9940597484571823
2.5322580449624637,0.3,1.0,evolved,0.9955827255266247
3.321918735035995,6.034142325089142e-06,1.0,evolved,0.9999996118793452
2.87428544214433,0.2,1.0,evolved,0.9957586502272753
2.8231199669356326,0.2000028188736649,1.0,evolved,0.996166235611719
2.908059762054486,0.2000007200058602,1.0,evolved,0.9954980684393033
2.3761740854714444,0.4000000000000013,1.0,evolved,0.9941674674255627
2.6811538595327824,0.3000006081000905,1.0,evolved,0.9940676580571676
2.652622625736067,0.3000005826829136,1.0,evolved,0.9943547584012774
2.777310164021707,0.2000041311160005,1.0,evolved,0.9965620704292087
2.575333634895178,0.3000000544677307,1.0,evolved,0.9951231340649239
3.073597333987508,0.1000066364109854,1.0,evolved,0.9977681013520948
2.5580660246902855,0.3000003298542065,1.0,evolved,0.9952947217529643
3.117785674431386,0.1000164269839589,1.0,evolved,0.9975029388905532
2.6366316068148405,0.3000010190385556,1.0,evolved,0.9945136580997097
2.6468513752675857,0.3000049575119473,1.0,evolved,0.9944106360041033
2.3832963596005525,0.4,1.0,evolved,0.9940668057168631
2.53233954426561,0.3000003455427208,1.0,evolved,0.995581703628114
2.610296139866421,0.3000000187913277,1.0,evolved,0.9947741998695309
2.9219138004762453,0.2000007227385373,1.0,evolved,0.9953933477893148
2.7995011766419204,0.2000043180921347,1.0,evolved,0.9963734751837134
2.902894909913015,0.2000005022995414,1.0,evolved,0.995542901303737
3.3219192523988315,4.4529244867260787e-07,1.0,evolved,0.9999996914330425
3.085708410215044,0.1000011260404873,1.0,evolved,0.9976864145038289
2.802293611656328,0.2000006875508814,1.0,evolved,0.9963489054010221
2.322560434926419,0.4000032494394517,1.0,evolved,0.9949260984300025
3.057539878286213,0.1000009614547315,1.0,evolved,0.9978726374122002
2.852263517477289,0.2000356750244062,1.0,evolved,0.9959292849931336
2.3475770393912123,0.4000000889272232,1.0,evolved,0.9945722592448512
3.1212621148417248,0.1000000025310523,1.0,evolved,0.997477390033598
2.4438397869985087,0.4000000075573025,1.0,evolved,0.9933343166159815
2.7787709775696636,0.2,1.0,evolved,0.9965470617003592
2.642230785047737,0.3000011386303682,1.0,evolved,0.994457338037244
2.5307932311289956,0.3000045660650844,1.0,evolved,0.9956004677333553
2.6248761418101685,0.3000124276593905,1.0,evolved,0.9946304096564784
2.899775514938401,0.2000002938985532,1.0,evolved,0.995567964563935
2.846991100090425,0.2000000000140401,1.0,evolved,0.995964934454463
2.52247384444807,0.3,1.0,evolved,0.9956966854453473
2.4174340281869138,0.4000000006031384,1.0,evolved,0.9936444214744251
2.703523618795514,0.3000015201911435,1.0,evolved,0.9938466489472209
3.3219185653170227,4.718096815708023e-07,1.0,evolved,0.9999996674707256
2.586612670618158,0.3000053335648587,1.0,evolved,0.9950100749275942
2.9215890585489745,0.200000038603722,1.0,evolved,0.9953963777646787
2.847210579509573,0.2000000000119468,1.0,evolved,0.995963662060917
2.9215693816934087,0.1999999942013522,1.0,evolved,0.9953965606269237
2.9219194481679716,0.200000434556283,1.0,evolved,0.9953933049447118
2.921918206283742,0.2000010348098327,1.0,evolved,0.9953932963337743
2.846428794051952,0.5000016460932536,1.0,evolved,0.9858388265128131
3.108380699145288,0.1000119936969973,1.0,evolved,0.9975449704950919
2.5166029331658097,0.3000009351792346,1.0,evolved,0.9957661532256616
2.6474492412387067,0.300000338723368,1.0,evolved,0.9944052972260525
2.1275617058046623,0.5000000270086095,1.0,evolved,0.9948250663304247
3.1219059508597846,0.1000215968942904,1.0,evolved,0.9974712172602855
1.8194420123053183,0.8998655798668963,2.0,evolved,0.9895335774004372
1.5709505944546698,1.3000000000000005,2.0,evolved,0.9879660712704966
1.8333703019906449,0.9000684197923826,2.0,evolved,0.9892036627968274
2.164761514771168,0.800043205696274,2.0,evolved,0.9851740888984097
1.5078578712410708,2.099999677467946,2.0,evolved,0.9788794773662736
1.1567796321023065,5.7000000022002535,2.0,evolved,0.968756674651498
1.1417375696335803,5.700000000589206,2.0,evolved,0.9692778061303048
1.4853824873750114,1.000000039561839,2.0,evolved,0.9961581860166101
1.5218747793826777,2.100015037803463,2.0,evolved,0.9784177701986329
1.976998748993323,0.5000008613197036,2.0,evolved,0.9975067180818551
2.36423730821173,0.4159261643101269,2.0,evolved,0.9938292935332095
2.227287472073127,0.400002607430654,2.0,evolved,0.9962726678063538
1.5219280948871714,1.30000000000002,2.0,evolved,0.9894547655285209
1.902358948715995,0.9000050168136711,2.0,evolved,0.9876353532268416
1.788716009327255,0.9009693226056158,2.0,evolved,0.9902310179267009
1.5207861178699833,1.2999885280119572,2.0,evolved,0.9894897486134786
2.0593726699581416,0.8000033122396126,2.0,evolved,0.9870828756792365
0.9709515238918084,3.2999988256190744,2.0,evolved,0.9865659468776667
1.7422339343742483,0.9000000000005722,2.0,evolved,0.9913924279858127
1.4854563308337374,1.800033550774194,2.0,evolved,0.9832802868670365
1.8755353581351932,0.6000000000000104,2.0,evolved,0.9964915173727965
1.7748440569813044,0.9000000863001705,2.0,evolved,0.9905903080701526
1.955736164824498,0.8037149120938891,2.0,evolved,0.9891111081658248
1.7097426304563066,0.900004899265777,2.0,evolved,0.9922202963926552
2.3319293511825525,0.4000000342123434,2.0,evolved,0.9947935024191307
2.0168462738681536,0.5000000065508349,2.0,evolved,0.9967956379205838
2.216277892131984,0.4674065836948993,2.0,evolved,0.9942832055601528
1.521929487793119,2.099985183607088,2.0,evolved,0.9784163075161724
1.877613722925984,0.9000109334877096,2.0,evolved,0.9881913936407684
2.21817332878265,0.7999687947810533,2.0,evolved,0.9842248488573787
2.3071212442537044,0.500000000002865,2.0,evolved,0.9919590977135531
1.897895706028008,0.6000000000000026,2.0,evolved,0.9960315341243149
1.4726263168665694,1.2999999999999696,2.0,evolved,0.9909576237771075
1.2954310083998617,6.000001966147298,2.0,evolved,0.9628133288980748
2.1591884061258555,0.5000003919246988,2.0,evolved,0.9942612298172879
2.0957715701646493,0.8000021916835853,2.0,evolved,0.9864042957308312
1.4324199234131307,1.80000460305722,2.0,evolved,0.9850050730150319
1.7651592834929817,0.9000000000217226,2.0,evolved,0.990826005203054
1.956614949789393,0.9000024716751895,2.0,evolved,0.9864394471814886
1.2512624242235768,3.3000000363106685,2.0,evolved,0.9769448338759015
1.8740450186915805,0.7015905258303445,2.0,evolved,0.9936646942910811
1.8002685567587604,0.6000001880346337,2.0,evolved,0.9980404405201468
1.456619226896525,2.099999999999998,2.0,evolved,0.9805664920771087
1.7202963553561883,1.2000014264237864,2.0,evolved,0.9854540303905485
1.7263724487457068,0.9000000012610498,2.0,evolved,0.9917925234457032
2.2441529926560797,0.500051566010964,2.0,evolved,0.992848757639481
1.780012794985527,0.8999966883995276,2.0,evolved,0.9904655535999722
2.321927783811696,1.500000774415691,2.0,evolved,0.9624158255479817
1.7603315209675865,0.9000000000000001,2.0,evolved,0.99094449231753
1.5344422851899764,1.000000000000032,2.0,evolved,0.9947437446759211
2.3481720173675873,0.400080882436358,2.0,evolved,0.994561301251849
1.7946311220932856,0.9000000002819303,2.0,evolved,0.990115171069659
1.9039766776249043,0.6000150069754876,2.0,evolved,0.9959059819518224
1.4842167973384992,1.0000017091098274,2.0,evolved,0.9961915193647466
1.461413049192308,9.233496039997268,2.0,evolved,0.9490879974017165
2.434757603008959,0.7000034872530093,2.0,evolved,0.9837834724186926
1.570946177439549,1.0000007600955636,2.0,evolved,0.9937100836690093
1.970952136353047,0.599996498251442,2.0,evolved,0.9946182321917855
1.9747989422240009,0.7082717134004687,2.0,evolved,0.9914033915596637
2.226686476215733,0.8051002271208701,2.0,evolved,0.9839198078853802
2.1709190928217508,0.8000018321035747,2.0,evolved,0.985065836867471
2.046337312190349,1.9000168056305775,2.0,evolved,0.9640118950481005
1.7332571984263303,0.8999999999999999,2.0,evolved,0.9916173592198352
1.8615497596163433,0.9000936783716228,2.0,evolved,0.9885548357369806
1.3673211515728894,2.1000017179080217,2.0,evolved,0.9835065903796166
1.57095636761076,1.5999794397538405,2.0,evolved,0.983494177935527
1.8609042465149352,0.9000021936700102,2.0,evolved,0.9885719531393001
1.7175117624334657,0.9,2.0,evolved,0.9920204846946366
1.7591544685473246,0.900000150806559,2.0,evolved,0.9909734444553518
1.811567346191039,0.9000000018616388,2.0,evolved,0.9897143507889273
1.8113674350069693,0.9001507789906719,2.0,evolved,0.989715124479351
1.7039683338063625,0.9000118098927803,2.0,evolved,0.9923720667416015
1.9333870884589792,0.9000005414134689,2.0,evolved,0.9869481546037409
1.3609618856611072,2.8999986331750067,2.0,evolved,0.9761102993922455
1.8463990977976228,1.200002161824146,2.0,evolved,0.981886428537876
1.8930590899833448,0.6000200666020736,2.0,evolved,0.9961298732140734
2.223248375338388,0.5000496777074892,2.0,evolved,0.9931451596446764
1.798241175591058,0.9000007671597908,2.0,evolved,0.9900293279182291
1.6835891425324032,0.9000010738583224,2.0,evolved,0.9929081654911102
1.8439176609788728,1.2000001699193137,2.0,evolved,0.9819538353053043
2.0117374195855424,0.8000649088633026,2.0,evolved,0.9880612267523441
1.4854639700064274,1.7999817588503348,2.0,evolved,0.9832807017409015
1.9708573736525188,0.6000002113130962,2.0,evolved,0.9946198595489726
1.884217942051777,0.9000037462280157,2.0,evolved,0.9880430887802015
2.2464346766307304,0.8000018114241534,2.0,evolved,0.9837207747949666
1.9805930247960049,0.800000019072018,2.0,evolved,0.9887041091241532
1.8095457766346632,0.6000001621820454,2.0,evolved,0.9978487256637113
1.271470594073114,3.2998790957602773,2.0,evolved,0.9762519523421546
1.866438454724658,0.600000008949475,2.0,evolved,0.99667753991295
1.944946676261192,0.8999996930963473,2.0,evolved,0.9866950662248923
2.1549862164457,0.5000210050835721,2.0,evolved,0.9943360032180786
1.3574119317924265,1.3000170347369366,2.0,evolved,0.9945000136336605
1.146424879819075,9.199653350447615,2.0,evolved,0.9600660107144886
1.9225379413891168,0.900005464533838,2.0,evolved,0.987187696823903
1.871727048750572,0.5999969372106897,2.0,evolved,0.996569673830172
1.7737652059407978,0.9000003429667925,2.0,evolved,0.9906164620331219
1.9709177865656895,0.9000018368187874,2.0,evolved,0.9861293403425209
1.9213325843775193,0.600000000714543,2.0,evolved,0.995548439653635
1.7574673852390088,0.9000276787331485,2.0,evolved,0.9910140995074059
2.3679872512978313,0.4000031791985949,2.0,evolved,0.9942830098194928
1.238396045698833,2.400008145293832,4.0,evolved,0.9845205075503835
1.4576789970744186,2.9000002074501023,4.0,evolved,0.9727563622543748
0.9709509924543576,6.899992233845188,4.0,evolved,0.9707672799879249
1.3433031400835471,2.9000000424477155,4.0,evolved,0.9767226142317628
1.4747412258109112,1.6000065837862667,4.0,evolved,0.9865082856880681
1.482005745311501,1.3000586450854372,4.0,evolved,0.9906706150235675
1.0175797497857113,6.141891665032717,4.0,evolved,0.9719001175307708
1.4336356972592217,1.6000509946816994,4.0,evolved,0.9877430142995958
1.5709490120676688,1.300000218797818,4.0,evolved,0.9879661150077171
0.9709505535415291,3.3000000106873166,4.0,evolved,0.9865659732040719
1.4340812803851142,1.6000097924558925,4.0,evolved,0.9877305297584628
1.0190418807530923,3.034031442057555,4.0,evolved,0.9867947588405837
1.5190913914376551,1.0000000023116102,4.0,evolved,0.9951917460161023
0.970948706465832,2.500001329056431,4.0,evolved,0.9924617734851047
0.8951604205420676,2.500000000141873,4.0,evolved,0.995006287798689
1.567922830989151,1.300039764485439,4.0,evolved,0.9880568074373953
1.5219275630594398,1.30000111009607,4.0,evolved,0.9894547627594925
0.9708710324021396,4.500022174493561,4.0,evolved,0.980301703742493
0.7202938878760565,9.300639838471223,4.0,evolved,0.9749171379239449
0.9145594887602396,2.5000001897881488,4.0,evolved,0.9943532692826333
1.494677129661135,1.6000351348230235,4.0,evolved,0.9858957781310782
0.9999999999728582,2.000000000003526,4.0,evolved,0.9967431687627067
1.5636173097236128,1.263635670034518,4.0,evolved,0.9888225331128135
0.8966357737511546,2.5000011652633916,4.0,evolved,0.9949566528604454
1.3681562331569337,1.3000000000003027,4.0,evolved,0.994169410709212
0.896435709691064,2.500007845526234,4.0,evolved,0.994963323471185
1.8742967186991992,1.200025315632577,4.0,evolved,0.9811178881511753
1.485011309696732,1.6000381405947417,4.0,evolved,0.986193444680875
0.8340124049296169,3.3000000000041534,4.0,evolved,0.9912661504196392
0.7219176780776055,9.299904067294648,4.0,evolved,0.9748605108361006
1.5591432326804893,1.3000141483379848,4.0,evolved,0.9883220552692052
0.8926668820385344,2.5000033764360747,4.0,evolved,0.9950900439634964
0.9999992711690008,2.00000019102563,4.0,evolved,0.9967431907613367
1.8418554507938216,0.9000010136940354,4.0,evolved,0.9890095513648258
1.2935669969891208,3.600217765381198,4.0,evolved,0.9737287125874522
0.9559054394889536,3.29998404964626,4.0,evolved,0.9870825230445514
0.9663828470482207,4.497661358124904,4.0,evolved,0.9804677979327902
1.360963241131989,5.300000220708641,4.0,evolved,0.9633052858261087
1.000000814390016,5.999987997836476,4.0,evolved,0.9730482908877779
0.8289265205546346,6.100009051154329,4.0,evolved,0.9785949633084964
1.5708957215283124,1.3000116613029349,4.0,evolved,0.98796751614384
0.7218808432607382,20.50000681426692,4.0,evolved,0.8583406358535186
1.513603069990037,1.3036780392986889,4.0,evolved,0.9896464172592654
0.9709306097004268,3.700003213671004,4.0,evolved,0.9842674250749516
0.999999618152327,6.000000185771443,4.0,evolved,0.9730482855201636
0.9999828634860553,4.499916719309268,4.0,evolved,0.9792969624445546
0.9062910446707408,3.3000000007978025,4.0,evolved,0.9887854042695756
1.863823415831112,0.9003958479571135,4.0,evolved,0.9884952782507163
1.432927124642922,2.1000002865196588,4.0,evolved,0.9813465568871658
1.0103406308471206,6.145438570696395,4.0,evolved,0.9721373860535591
1.4854974050713148,1.3000015476923568,4.0,evolved,0.9905653235078533
1.5367547529152366,1.3000318941831692,4.0,evolved,0.9890022493854118
0.9709532771135568,3.2999828570632648,4.0,evolved,0.986565981003107
1.000000077043465,1.9999998791458955,4.0,evolved,0.9967431675440209
0.8812934053435431,5.79996171136231,4.0,evolved,0.9779208105420473
0.9647715264070462,4.500015223306964,4.0,evolved,0.9805123051182199
1.4291424873913865,2.1210552764691624,4.0,evolved,0.981230547927141
1.447236898301289,1.300000000000027,4.0,evolved,0.9917320840106815
1.358443156551075,1.305370752597737,4.0,evolved,0.9943812873081895
0.9710689793369562,3.3080659362647635,4.0,evolved,0.9865132448061789
0.9144898354710636,4.499998795160293,4.0,evolved,0.9822486208870996
1.5214384195512154,1.3000051760431872,4.0,evolved,0.9894695567432106
1.5219262489433998,1.3000002536286277,4.0,evolved,0.989454817307366
0.7124426853652688,14.100000842057126,4.0,evolved,0.9751769915340124
0.968856089572138,3.3000008772946674,4.0,evolved,0.9866379013173497
1.4565199313013668,2.1000009689989785,4.0,evolved,0.9805697514213556
0.9999913446954518,6.0000022981963115,4.0,evolved,0.973048563995757
1.3708429190504,5.700007977161451,4.0,evolved,0.9613406346378643
7.489064094201581e-06,28.49947137886186,4.0,evolved,0.5817970916908816
0.8812824944093753,5.7999961829013325,4.0,evolved,0.9779210556663507
1.517026878512795,1.3018996565130665,4.0,evolved,0.9895720064586114
1.3532259093435783,2.819258042984745,4.0,evolved,0.976807616321873
0.9709456593270708,3.3000017768442893,4.0,evolved,0.9865661308702641
1.4498616761650989,21.97742541305503,4.0,evolved,0.8025275765081836
0.9709408881557304,2.5000105558821355,4.0,evolved,0.992461950641896
0.9804370335968428,4.499985573741474,4.0,evolved,0.9799715506047613
0.7218755724879014,14.10000299933725,4.0,evolved,0.9748482387492714
1.4120398665637794,2.10000159608898,4.0,evolved,0.9820342543558667
0.9999857993740492,6.000006942842704,4.0,evolved,0.9730487382438437
0.6950492649759328,14.10001114934941,4.0,evolved,0.9757831832602765
0.9709059554606414,3.700007748822842,4.0,evolved,0.9842682477255575
0.8920129302948236,4.500001722334452,4.0,evolved,0.983024773042922
0.939149329583196,2.5198429069474813,4.0,evolved,0.9933460935016629
0.7219350599413499,9.299860514981765,4.0,evolved,0.974859902148768
1.3580110559796443,4.890389537361475,4.0,evolved,0.9651635154605454
1.4809965294361271,2.9000291873311475,4.0,evolved,0.9719476420280698
0.7210767885332845,6.100000025186589,4.0,evolved,0.9823313048101703
6.113602437185506e-06,28.499614204626095,4.0,evolved,0.5817921139591321
0.4859347055319558,20.439401318001032,4.0,evolved,0.8616642755122343
1.0000000252862322,3.00000014006796,4.0,evolved,0.9877885888377462
0.9709385231570452,2.500003387903859,4.0,evolved,0.9924620965335881
0.6905681404079878,6.099999999999997,4.0,evolved,0.9833882438543754
1.4567474936778302,2.4539383013524447,4.0,evolved,0.9766959662309961
1.4578379156129078,1.6000167587888394,4.0,evolved,0.9870205222291404
0.6975449296177194,14.100008551632406,4.0,evolved,0.9756962048728629
0.9709501723108334,2.5000000979838943,4.0,evolved,0.9924617356452444
1.4120240457134905,1.3000000001525869,4.0,evolved,0.9928173497471325
1.3726048484311035,1.300000000677625,4.0,evolved,0.9940321762443041
0.8438240846032312,3.3000129976045325,4.0,evolved,0.9909293976249385
1.467642634475843,2.1000007267584833,4.0,evolved,0.980203534773207
0.8922263346031025,2.500000000804248,8.0,evolved,0.9951048673937029
0.9989254763283166,6.0009660490425745,8.0,evolved,0.973081807118885
0.9032482796998432,4.500000016041341,8.0,evolved,0.9826368715090767
0.954829393234506,4.500371945606189,8.0,evolved,0.9808539893627128
0.7090715752973704,9.310226188536198,8.0,evolved,0.9753082148042567
1.366109340317223e-06,10.499997422008784,8.0,evolved,0.9999730016085511
0.9124656237919472,4.500039319405419,8.0,evolved,0.9823183329925558
4.130971568372388e-06,28.499915309037505,8.0,evolved,0.5817816199351684
0.9994206862773596,6.000416973861459,8.0,evolved,0.9730667336065857
3.029817050581585e-07,28.499983609947964,8.0,evolved,0.581779239527049
0.9956988869502564,2.0062075140209883,8.0,evolved,0.996813953232117
1.6269108504829433e-07,14.49998493009961,8.0,evolved,0.9999913700210226
0.9709487149956546,3.3000058587952883,8.0,evolved,0.9865660017951932
3.750584027795156e-06,28.49985282997802,8.0,evolved,0.581783797441461
0.9999308527783302,6.00003687432401,8.0,evolved,0.9730505265730063
0.96891860284651,3.702511120967429,8.0,evolved,0.9843225634567365
0.9194224528749532,2.5004719558757187,8.0,evolved,0.9941852036454267
0.691445574630194,9.300032339094196,8.0,evolved,0.9759225242107064
0.9999991874837422,6.000000311418818,8.0,evolved,0.9730482999557664
0.3927644739785827,20.420570700884916,8.0,evolved,0.8626771915290614
4.442064108989285e-06,20.499816489428415,8.0,evolved,0.8605992851044165
0.893759427415922,4.500000022798764,8.0,evolved,0.9829644929571467
0.5302473646748052,14.1489892878065,8.0,evolved,0.981526655388922
0.8955753298316624,2.501873657131849,8.0,evolved,0.9949752455012122
0.9997922449314904,6.000795383772717,8.0,evolved,0.9730524098538688
0.891964122343671,2.500023186712776,8.0,evolved,0.9951134524659033
1.836814807809617e-06,28.4998938814031,8.0,evolved,0.5817823667263379
3.00071938053037e-06,28.499806204873625,8.0,evolved,0.5817854224092394
0.8960103208102055,2.5000484502532543,8.0,evolved,0.9949772632103774
0.9999553215807216,6.00004315099468,8.0,evolved,0.9730496548722539
0.9689023544141336,3.3504371955630923,8.0,evolved,0.9863313322458321
6.35112541225169e-06,28.499681325488112,8.0,evolved,0.5817897746777698
0.999345172796284,2.0006729612322403,8.0,evolved,0.9967572838574515
2.3973017939660224e-06,28.49987031565674,8.0,evolved,0.5817831880344866
0.0002903457998706,28.48319979927851,8.0,evolved,0.5823641850418848
0.8952340790296374,4.500002828484716,8.0,evolved,0.9829135720667589
0.8463811762233364,3.300000001067509,8.0,evolved,0.9908417199075576
2.770955841224776e-06,28.499862748830047,8.0,evolved,0.5817834517518451
0.8551243109644693,3.00162380379777,8.0,evolved,0.9925796665846512
0.9706021232559654,3.3007169404613066,8.0,evolved,0.9865736780004415
4.286930659791466e-06,28.499747760670942,8.0,evolved,0.5817874592935821
7.969152813203095e-07,14.49998309915484,8.0,evolved,0.9999914323440676
1.461832649616674,2.1013697040732984,8.0,evolved,0.9803791683118278
0.970936271609689,3.3000052189205675,8.0,evolved,0.9865664329708506
0.2884558237672583,16.09280964012873,8.0,evolved,0.9899478791246775
0.9993880930939948,4.471282668690916,8.0,evolved,0.979452595840996
0.9935528698225776,5.987152588106017,8.0,evolved,0.97332042918381
1.7377380316929705e-06,28.499898485929005,8.0,evolved,0.5817822062504254
0.90751605161365,4.500000151005352,8.0,evolved,0.9824894797981185
3.147180486884338e-06,28.499844628992616,8.0,evolved,0.5817840832603869
3.5829267495124384e-06,28.49981106261962,8.0,evolved,0.5817852531081504
4.872887284790295e-07,8.499995596572507,8.0,evolved,0.9999639984791077
3.6084096688426825e-07,28.499971463636605,8.0,evolved,0.5817796628475915
0.9708511673345436,2.5000356813070748,8.0,evolved,0.9924647318912885
0.9066250177422708,4.500000000794214,8.0,evolved,0.982520254987232
0.8713462360899311,4.006147965871554,8.0,evolved,0.9861112267647243
1.914573743100334e-06,28.49989709699415,8.0,evolved,0.5817822546572733
0.9355687325351504,3.3000041690995072,8.0,evolved,0.9877804000370631
1.5060544669154297e-06,28.499892757830175,8.0,evolved,0.5817824058848533
0.9793179870688542,6.029198879995624,8.0,evolved,0.9736538321940714
0.8811880173258002,4.000033110934695,8.0,evolved,0.9858035124727421
7.387333695874077e-07,28.499941818380663,8.0,evolved,0.5817806960374592
3.344363137536277e-07,28.499993993154924,8.0,evolved,0.5817788776538289
3.639948489286837e-07,28.499979129097927,8.0,evolved,0.581779395692638
0.9705547900086792,2.5001429164541213,8.0,evolved,0.9924736911393551
8.6956201155175e-06,28.499608695403325,8.0,evolved,0.5817923059652836
8.057734715016807e-07,28.49996567559667,8.0,evolved,0.5817798645710717
2.8887771037489074e-06,14.499997037199812,8.0,evolved,0.9999911110366989
0.8931990092619158,4.500031196634168,8.0,evolved,0.9829836891778595
0.9052127338472946,4.5000073016929205,8.0,evolved,0.9825689961578788
8.349441964483617e-07,28.499956323236084,8.0,evolved,0.5817801905174631
0.8812285556909121,4.000018872761327,8.0,evolved,0.98580218647243
0.8969918918355542,2.500071686584472,8.0,evolved,0.9949440297745845
0.8649665312997725,4.015700285633219,8.0,evolved,0.9862818127832104
1.5502082719720534e-06,28.499911320053418,8.0,evolved,0.581781758958376
5.54048929402029e-07,14.4999883728926,8.0,evolved,0.99999128899464
1.0928135538712525e-06,28.4999234840488,8.0,evolved,0.5817813350215155
0.9697217485891064,3.3006718309102983,8.0,evolved,0.9866041751291421
2.172590498172866e-06,28.499865564645212,8.0,evolved,0.5817833536156855
0.892160333721848,2.5000110317766095,8.0,evolved,0.995106979886872
0.8944899275574145,2.500041172281547,8.0,evolved,0.9950284486361807
0.9364537664430128,3.3530310372821255,8.0,evolved,0.9874294997246761
0.8953325776712906,2.500010071643815,8.0,evolved,0.9950004067848691
0.999981172032943,2.000017530024861,8.0,evolved,0.9967435983805306
4.2186130011501177e-07,8.500006357696526,8.0,evolved,0.9999637073359187
1.009678678197405,5.944760942608353,8.0,evolved,0.9729228266350072
3.309251602967578e-06,28.499843106488807,8.0,evolved,0.5817841363223496
0.837959250497736,3.3000437172062593,8.0,evolved,0.9911303771229708
4.683716543052441e-06,28.499773725691572,8.0,evolved,0.5817865543664514
0.9064196006640102,4.500000030219034,8.0,evolved,0.9825273493954344
8.604860282090954e-07,28.499956541220207,8.0,evolved,0.5817801829203288
0.999969716506667,2.0000086037469433,8.0,evolved,0.9967440754661674
0.8945496287390511,4.5002063200592515,8.0,evolved,0.9829362256649951
0.9709489363545004,3.300000531917754,8.0,evolved,0.9865660256699853
1.3345442475554137e-06,28.49992350318452,8.0,evolved,0.5817813343546009
0.8565223062708114,4.238818603230282,8.0,evolved,0.9854832528844447
2.818789260672361e-06,10.4999942153641,8.0,evolved,0.9999731200142769
2.5275241366529144e-06,28.49984367711048,8.0,evolved,0.5817841164351766
0.8963020543786198,4.500000209156264,8.0,evolved,0.982876714441458
3.282039633845102e-06,28.499835801117833,8.0,evolved,0.5817843909275147
0.0416062888051405,10.52125031149123,16.0,evolved,0.9985664434402817
6.256621576383736e-08,10.500039669542652,16.0,evolved,0.9999718225080236
2.2920560915906665e-07,14.500015731038962,16.0,evolved,0.9999905425917819
8.775055793108778e-08,28.49997168278345,16.0,evolved,0.5817796552099347
0.9708011933862974,6.03816902249431,16.0,evolved,0.9739147992236828
1.258237252166339e-07,8.5000078180573,16.0,evolved,0.9999636613823305
6.999572250698805e-07,8.499994460245235,16.0,evolved,0.9999640337077546
8.469640988550965e-08,10.500034142280628,16.0,evolved,0.9999719751731816
0.7376147552858021,4.37814900781642,16.0,evolved,0.9889313964259984
2.891206584854089e-05,8.499939070106878,16.0,evolved,0.9999661441724609
0.000516636745603,20.50048905385952,16.0,evolved,0.8605758438758409
2.0348711688988885e-06,20.49992253506458,16.0,evolved,0.860595589225553
4.010548355637411e-07,14.50003845049114,16.0,evolved,0.99998990496385
2.9667057699356292e-08,28.49996179890953,16.0,evolved,0.5817799996805106
2.3486947764439495e-07,20.499976711276258,16.0,evolved,0.8605937010882879
8.773766091429991e-07,8.500014122868492,16.0,evolved,0.9999635073148114
3.609440426544097e-07,28.49997940496295,16.0,evolved,0.5817793860782516
0.0007964825216464,14.482356176652551,16.0,evolved,0.9999605415407108
2.742996896287764e-08,8.500003759625603,16.0,evolved,0.9999637687051678
1.9295003350627837e-06,8.499981203219704,16.0,evolved,0.9999644158484495
1.2773904733975885e-07,28.49997284687315,16.0,evolved,0.5817796146393392
4.073581323371656e-06,10.4999639029031,16.0,evolved,0.9999739541234508
2.1773563885219005e-07,14.499989022564788,16.0,evolved,0.9999912642226676
2.7766296817333114e-08,10.500005853973434,16.0,evolved,0.9999727448279936
6.485039349968248e-08,8.500005795775788,16.0,evolved,0.9999637146261264
8.136442599671057e-07,20.499941354144305,16.0,evolved,0.8605949333471862
1.0536007573058723e-06,28.49992786199149,16.0,evolved,0.5817811824424305
1.6556168258574647e-07,14.499990072934756,16.0,evolved,0.9999912353876145
3.769489560490058e-07,28.499981156050904,16.0,evolved,0.5817793250497236
0.0001454969637344,14.49992446295808,16.0,evolved,0.999995609073035
2.620248106932621e-06,28.499838178411387,16.0,evolved,0.5817843080746139
7.828845030033449e-07,14.499911043450954,16.0,evolved,0.999993096427998
8.190206814973067e-07,8.50001006108672,16.0,evolved,0.999963616010441
0.071095773040279,20.68365663759717,16.0,evolved,0.854171077053953
8.828212809675051e-07,8.499996778309884,16.0,evolved,0.999963975522867
2.206533618487327e-06,10.500024681469734,16.0,evolved,0.9999722803316778
3.625081852476342e-07,14.500011045113094,16.0,evolved,0.9999906747789856
0.8773649631536697,4.6294069535202516,16.0,evolved,0.9829196897642469
6.077260135128881e-07,28.49998131244984,16.0,evolved,0.5817793195989422
1.2394894106648735e-06,8.499989701115574,16.0,evolved,0.9999641733037679
0.8064143877482799,2.7927445863348845,16.0,evolved,0.9957135818062658
2.697207115431866e-07,10.50001060046869,16.0,evolved,0.9999726217506517
0.9268218081582068,4.5055933740440395,16.0,evolved,0.981796409964976
1.9959145491910138e-07,10.500002241725465,16.0,evolved,0.9999728460611398
9.289913682763996e-08,10.499994385691014,16.0,evolved,0.99997305480345
0.9158968035366652,3.126996054627277,16.0,evolved,0.9895351579547912
8.727029050525914e-07,28.499918606789414,16.0,evolved,0.5817815050026758
0.0395088466750972,14.819670652831316,16.0,evolved,0.9986278322436475
1.1831200592560265e-06,28.49989584596573,16.0,evolved,0.5817822982578409
2.731151513835073e-07,14.499983162956442,16.0,evolved,0.9999914185010487
0.9063992136061788,2.5069645896514765,16.0,evolved,0.9945649621839688
1.3939314635891265e-07,10.500021332869,16.0,evolved,0.9999723271307891
0.8827413940753801,2.541705422567857,16.0,evolved,0.9950470923595675
8.222608709473889e-07,20.499952505067213,16.0,evolved,0.8605945447177004
2.424613705365175e-06,20.4998845906176,16.0,evolved,0.8605969116569743
0.0776926437898386,7.8371197212741635,16.0,evolved,0.9986051299385127
2.757847661349899e-07,10.500029788588591,16.0,evolved,0.9999720988113261
5.295142142536235e-07,28.499954841577892,16.0,evolved,0.5817802421558855
3.692131516075392e-07,8.500049795754306,16.0,evolved,0.9999625214677774
0.925445294219982,4.5200372326994245,16.0,evolved,0.9817758112841465
5.764656085816e-07,28.499938086458968,16.0,evolved,0.5817808261015646
0.8755355778615161,2.6859088331829746,16.0,evolved,0.994072804424893
7.644105082249554e-08,10.500010396655574,16.0,evolved,0.9999726230343972
6.743011766729978e-07,8.500010916362063,16.0,evolved,0.9999635896928667
0.8883959620419395,4.506424068050897,16.0,evolved,0.9831193335494566
3.806308881415532e-07,20.499963126694738,16.0,evolved,0.860594174535102
8.00836994052645e-07,8.499999602812318,16.0,evolved,0.9999638977565585
0.8746903389261997,2.5268461353962772,16.0,evolved,0.9954523481632789
7.298101323272023e-08,8.500004098788953,16.0,evolved,0.9999637605697886
1.5660511203385852e-06,10.499964166841943,16.0,evolved,0.9999738897785353
3.987030696706029e-07,10.50002702525867,16.0,evolved,0.9999721771757593
0.8512451143800801,5.048254662980915,16.0,evolved,0.9820142679995301
0.0017501720696717,8.50101081814925,16.0,evolved,0.9999356413891011
1.0489328214902116e-06,20.499903920554654,16.0,evolved,0.860596237974327
0.9762751082491709,3.0241878282293513,16.0,evolved,0.9883188290357765
3.742835485986973e-07,28.49995213832391,16.0,evolved,0.5817803363690925
1.550585378318203e-06,28.49988240784674,16.0,evolved,0.5817827666001743
1.40869260256693e-07,10.500002161134113,16.0,evolved,0.9999728469343993
2.2466989242353463e-06,14.4999437700661,16.0,evolved,0.9999924362018725
0.9426567118908182,3.33890251382613,16.0,evolved,0.9873019154878507
1.2362364212314958e-06,8.500127816087215,16.0,evolved,0.9999603547832832
5.316454103621027e-07,8.499993987489656,16.0,evolved,0.9999640426486006
6.46392526171269e-08,8.50000814149579,16.0,evolved,0.9999636512989216
2.0439327830246157e-07,10.500009312695488,16.0,evolved,0.999972655194192
1.1110289479532298e-06,14.500009349721427,16.0,evolved,0.9999907374109541
1.668840967639085e-07,8.500038603311872,16.0,evolved,0.9999628246542768
9.23375046646413e-07,20.4999360647652,16.0,evolved,0.8605951176914497
1.03142999030581e-07,10.50002959087004,16.0,evolved,0.9999721005183386
3.7266524266499346e-07,28.499986312575153,16.0,evolved,0.5817791453356871
1.7519728952031244e-06,28.499867128003853,16.0,evolved,0.58178329912986
9.047587390398348e-08,10.499988250192631,16.0,evolved,0.9999732188276956
6.807056727176075e-07,8.499990997536884,16.0,evolved,0.9999641261203035
5.563224436677672e-07,10.499988064429038,16.0,evolved,0.9999732342266845
9.249572410219288e-07,28.499907131581015,16.0,evolved,0.5817819049340871
3.430404360571515e-07,8.500042176926568,16.0,evolved,0.9999627304215214
5.980023218832287e-07,14.49997608870916,16.0,evolved,0.9999916080528353
0.0018820653080591,14.477779550765888,16.0,evolved,0.9999292755956231
6.362425959416385e-07,28.499971091178946,16.0,evolved,0.5817796758284027
4.791584802754656e-05,20.498384484259972,16.0,evolved,0.860649193020208
2.119319595372815e-07,8.500007531101573,16.0,evolved,0.9999636710288389
