rate,distortion,round,beta,alpha
6.643856189774725,0.0,0,1000.0,0.0
6.643856189774725,0.0,1,1000.0,0.0
6.643856189774725,0.0,2,1000.0,0.0
6.643856189774725,0.0,3,1000.0,0.0
6.643856189774725,0.0,4,1000.0,0.0
6.643856189774725,0.0,5,1000.0,0.0
6.643856189774725,0.0,6,1000.0,0.0
6.643856189774725,0.0,7,1000.0,0.0
6.643856189774725,0.0,8,1000.0,0.0
6.643856189774725,0.0,9,1000.0,0.0
6.643856189774725,0.0,10,1000.0,0.0
6.643856189774725,0.0,11,1000.0,0.0
6.643856189774725,0.0,12,1000.0,0.0
6.643856189774725,0.0,13,1000.0,0.0
6.643856189774725,0.0,14,1000.0,0.0
6.643856189774725,0.0,15,1000.0,0.0
6.643856189774725,0.0,16,1000.0,0.0
6.643856189774725,0.0,17,1000.0,0.0
6.643856189774725,0.0,18,1000.0,0.0
6.643856189774725,0.0,19,1000.0,0.0
6.643856189774725,0.0,20,1000.0,0.0
6.643856189774725,0.0,21,1000.0,0.0
6.643856189774725,0.0,22,1000.0,0.0
6.643856189774725,0.0,23,1000.0,0.0
6.643856189774725,0.0,24,1000.0,0.0
6.643856189774725,0.0,25,1000.0,0.0
6.643856189774725,0.0,26,1000.0,0.0
6.643856189774725,0.0,27,1000.0,0.0
6.643856189774725,0.0,28,1000.0,0.0
6.643856189774725,0.0,29,1000.0,0.0
6.643856189774725,0.0,30,1000.0,0.0
6.643856189774725,0.0,31,1000.0,0.0
6.643856189774725,0.0,32,1000.0,0.0
6.643856189774725,0.0,33,1000.0,0.0
6.643856189774725,0.0,34,1000.0,0.0
6.643856189774725,0.0,35,1000.0,0.0
6.643856189774725,0.0,36,1000.0,0.0
6.643856189774725,0.0,37,1000.0,0.0
6.643856189774725,0.0,38,1000.0,0.0
6.643856189774725,0.0,39,1000.0,0.0
6.643856189774725,0.0,40,1000.0,0.0
6.643856189774725,0.0,41,1000.0,0.0
6.643856189774725,0.0,42,1000.0,0.0
6.643856189774725,0.0,43,1000.0,0.0
6.643856189774725,0.0,44,1000.0,0.0
6.643856189774725,0.0,45,1000.0,0.0
6.643856189774725,0.0,46,1000.0,0.0
6.643856189774725,0.0,47,1000.0,0.0
6.643856189774725,0.0,48,1000.0,0.0
6.643856189774725,0.0,49,1000.0,0.0
6.643856189774725,0.0,50,1000.0,0.0
6.643856189774725,0.0,51,1000.0,0.0
6.643856189774725,0.0,52,1000.0,0.0
6.643856189774725,0.0,53,1000.0,0.0
6.643856189774725,0.0,54,1000.0,0.0
6.643856189774725,0.0,55,1000.0,0.0
6.643856189774725,0.0,56,1000.0,0.0
6.643856189774725,0.0,57,1000.0,0.0
6.643856189774725,0.0,58,1000.0,0.0
6.643856189774725,0.0,59,1000.0,0.0
6.643856189774725,0.0,60,1000.0,0.0
6.643856189774725,0.0,61,1000.0,0.0
6.643856189774725,0.0,62,1000.0,0.0
6.643856189774725,0.0,63,1000.0,0.0
6.643856189774725,0.0,64,1000.0,0.0
6.643856189774725,0.0,65,1000.0,0.0
6.643856189774725,0.0,66,1000.0,0.0
6.643856189774725,0.0,67,1000.0,0.0
6.643856189774725,0.0,68,1000.0,0.0
6.643856189774725,0.0,69,1000.0,0.0
6.643856189774725,0.0,70,1000.0,0.0
6.643856189774725,0.0,71,1000.0,0.0
6.643856189774725,0.0,72,1000.0,0.0
6.643856189774725,0.0,73,1000.0,0.0
6.643856189774725,0.0,74,1000.0,0.0
6.643856189774725,0.0,75,1000.0,0.0
6.643856189774725,0.0,76,1000.0,0.0
6.643856189774725,0.0,77,1000.0,0.0
6.643856189774725,0.0,78,1000.0,0.0
6.643856189774725,0.0,79,1000.0,0.0
6.643856189774725,0.0,80,1000.0,0.0
6.643856189774725,0.0,81,1000.0,0.0
6.643856189774725,0.0,82,1000.0,0.0
6.643856189774725,0.0,83,1000.0,0.0
6.643856189774725,0.0,84,1000.0,0.0
6.643856189774725,0.0,85,1000.0,0.0
6.643856189774725,0.0,86,1000.0,0.0
6.643856189774725,0.0,87,1000.0,0.0
6.643856189774725,0.0,88,1000.0,0.0
6.643856189774725,0.0,89,1000.0,0.0
6.643856189774725,0.0,90,1000.0,0.0
6.643856189774725,0.0,91,1000.0,0.0
6.643856189774725,0.0,92,1000.0,0.0
6.643856189774725,0.0,93,1000.0,0.0
6.643856189774725,0.0,94,1000.0,0.0
6.643856189774725,0.0,95,1000.0,0.0
6.643856189774725,0.0,96,1000.0,0.0
6.643856189774725,0.0,97,1000.0,0.0
6.643856189774725,0.0,98,1000.0,0.0
6.643856189774725,0.0,99,1000.0,0.0
6.643856189774725,0.0,100,1000.0,0.0
6.643856189774725,0.0,101,1000.0,0.0
6.643856189774725,0.0,102,1000.0,0.0
6.643856189774725,0.0,103,1000.0,0.0
6.643856189774725,0.0,104,1000.0,0.0
6.643856189774725,0.0,105,1000.0,0.0
6.643856189774725,0.0,106,1000.0,0.0
6.643856189774725,0.0,107,1000.0,0.0
6.643856189774725,0.0,108,1000.0,0.0
6.643856189774725,0.0,109,1000.0,0.0
6.643856189774725,0.0,110,1000.0,0.0
6.643856189774725,0.0,111,1000.0,0.0
6.643856189774725,0.0,112,1000.0,0.0
6.643856189774725,0.0,113,1000.0,0.0
6.643856189774725,0.0,114,1000.0,0.0
6.643856189774725,0.0,115,1000.0,0.0
6.643856189774725,0.0,116,1000.0,0.0
6.643856189774725,0.0,117,1000.0,0.0
6.643856189774725,0.0,118,1000.0,0.0
6.643856189774725,0.0,119,1000.0,0.0
6.643856189774725,0.0,120,1000.0,0.0
6.643856189774725,0.0,121,1000.0,0.0
6.643856189774725,0.0,122,1000.0,0.0
6.643856189774725,0.0,123,1000.0,0.0
6.643856189774725,0.0,124,1000.0,0.0
6.643856189774725,0.0,125,1000.0,0.0
6.643856189774725,0.0,126,1000.0,0.0
6.643856189774725,0.0,127,1000.0,0.0
6.643856189774725,0.0,128,1000.0,0.0
6.643856189774725,0.0,129,1000.0,0.0
6.643856189774725,0.0,130,1000.0,0.0
6.643856189774725,0.0,131,1000.0,0.0
6.643856189774725,0.0,132,1000.0,0.0
6.643856189774725,0.0,133,1000.0,0.0
6.643856189774725,0.0,134,1000.0,0.0
6.643856189774725,0.0,135,1000.0,0.0
6.643856189774725,0.0,136,1000.0,0.0
6.643856189774725,0.0,137,1000.0,0.0
6.643856189774725,0.0,138,1000.0,0.0
6.643856189774725,0.0,139,1000.0,0.0
6.643856189774725,0.0,140,1000.0,0.0
6.643856189774725,0.0,141,1000.0,0.0
6.643856189774725,0.0,142,1000.0,0.0
6.643856189774725,0.0,143,1000.0,0.0
6.643856189774725,0.0,144,1000.0,0.0
6.643856189774725,0.0,145,1000.0,0.0
6.643856189774725,0.0,146,1000.0,0.0
6.643856189774725,0.0,147,1000.0,0.0
6.643856189774725,0.0,148,1000.0,0.0
6.643856189774725,0.0,149,1000.0,0.0
6.643856189774725,0.0,150,1000.0,0.0
6.643856189774725,0.0,151,1000.0,0.0
6.643856189774725,0.0,152,1000.0,0.0
6.643856189774725,0.0,153,1000.0,0.0
6.643856189774725,0.0,154,1000.0,0.0
6.643856189774725,0.0,155,1000.0,0.0
6.643856189774725,0.0,156,1000.0,0.0
6.643856189774725,0.0,157,1000.0,0.0
6.643856189774725,0.0,158,1000.0,0.0
6.643856189774725,0.0,159,1000.0,0.0
6.643856189774725,0.0,160,1000.0,0.0
6.643856189774725,0.0,161,1000.0,0.0
6.643856189774725,0.0,162,1000.0,0.0
6.643856189774725,0.0,163,1000.0,0.0
6.643856189774725,0.0,164,1000.0,0.0
6.643856189774725,0.0,165,1000.0,0.0
6.643856189774725,0.0,166,1000.0,0.0
6.643856189774725,0.0,167,1000.0,0.0
6.643856189774725,0.0,168,1000.0,0.0
6.643856189774725,0.0,169,1000.0,0.0
6.643856189774725,0.0,170,1000.0,0.0
6.643856189774725,0.0,171,1000.0,0.0
6.643856189774725,0.0,172,1000.0,0.0
6.643856189774725,0.0,173,1000.0,0.0
6.643856189774725,0.0,174,1000.0,0.0
6.643856189774725,0.0,175,1000.0,0.0
6.643856189774725,0.0,176,1000.0,0.0
6.643856189774725,0.0,177,1000.0,0.0
6.643856189774725,0.0,178,1000.0,0.0
6.643856189774725,0.0,179,1000.0,0.0
6.643856189774725,0.0,180,1000.0,0.0
6.643856189774725,0.0,181,1000.0,0.0
6.643856189774725,0.0,182,1000.0,0.0
6.643856189774725,0.0,183,1000.0,0.0
6.643856189774725,0.0,184,1000.0,0.0
6.643856189774725,0.0,185,1000.0,0.0
6.643856189774725,0.0,186,1000.0,0.0
6.643856189774725,0.0,187,1000.0,0.0
6.643856189774725,0.0,188,1000.0,0.0
6.643856189774725,0.0,189,1000.0,0.0
6.643856189774725,0.0,190,1000.0,0.0
6.643856189774725,0.0,191,1000.0,0.0
6.643856189774725,0.0,192,1000.0,0.0
6.643856189774725,0.0,193,1000.0,0.0
6.643856189774725,0.0,194,1000.0,0.0
6.643856189774725,0.0,195,1000.0,0.0
6.643856189774725,0.0,196,1000.0,0.0
6.643856189774725,0.0,197,1000.0,0.0
6.643856189774725,0.0,198,1000.0,0.0
6.643856189774725,0.0,199,1000.0,0.0
5.111671328025423,0.49462487679916844,0,1.0,1.0
5.111283062786345,0.49480390191003476,1,1.0,1.0
5.1109566129322985,0.49496549952108065,2,1.0,1.0
5.110670559153283,0.49511398413191715,3,1.0,1.0
5.110414756186616,0.4952515574947414,4,1.0,1.0
5.110183364138674,0.49537950589084834,5,1.0,1.0
5.109972530320906,0.49549872436931763,6,1.0,1.0
5.109779453824478,0.49560993022155614,7,1.0,1.0
5.10960195686426,0.49571374976996346,8,1.0,1.0
5.109438268235769,0.495810753051048,9,1.0,1.0
5.109286904231466,0.49590146713220973,10,1.0,1.0
5.109146597713353,0.495986381010188,11,1.0,1.0
5.109016252530784,0.49606594754654615,12,1.0,1.0
5.10889491210572,0.4961405846614562,13,1.0,1.0
5.1087817364342865,0.49621067660412005,14,1.0,1.0
5.108675984409489,0.4962765755228871,15,1.0,1.0
5.1085769997222155,0.4963386033223893,16,1.0,1.0
5.108484199311269,0.4963970537175482,17,1.0,1.0
5.108397063722377,0.4964521943835715,18,1.0,1.0
5.10831512895593,0.49650426911553086,19,1.0,1.0
5.108237979512143,0.49655349993241876,20,1.0,1.0
5.108165242421105,0.4966000890811231,21,1.0,1.0
5.108096582095861,0.49664422091282445,22,1.0,1.0
5.1080316958806335,0.49668606361742385,23,1.0,1.0
5.107970310190687,0.496725770811105,24,1.0,1.0
5.10791217715809,0.49676348297868705,25,1.0,1.0
5.107857071711788,0.49679932877669286,26,1.0,1.0
5.107804789031304,0.4968334262056494,27,1.0,1.0
5.107755142322576,0.4968658836615076,28,1.0,1.0
5.107707960871929,0.49689680087660865,29,1.0,1.0
5.107663088340512,0.49692626976059917,30,1.0,1.0
5.107620381266939,0.4969543751513068,31,1.0,1.0
5.107579707750345,0.4969811954849906,32,1.0,1.0
5.107540946290083,0.49700680339465736,33,1.0,1.0
5.107503984761488,0.49703126624437677,34,1.0,1.0
5.107468719510075,0.4970546466067539,35,1.0,1.0
5.1074350545489455,0.49707700268999105,36,1.0,1.0
5.107402900846246,0.49709838872026507,37,1.0,1.0
5.10737217569136,0.49711885528451766,38,1.0,1.0
5.107342802130031,0.4971384496381662,39,1.0,1.0
5.10731470845991,0.4971572159817227,40,1.0,1.0
5.107287827779208,0.49717519570983626,41,1.0,1.0
5.107262097582067,0.4971924276358602,42,1.0,1.0
5.107237459395089,0.4972089481946713,43,1.0,1.0
5.1072138584502635,0.497224791626149,44,1.0,1.0
5.10719124339005,0.4972399901414274,45,1.0,1.0
5.107169566000959,0.49725457407378926,46,1.0,1.0
5.107148780972462,0.49726857201584407,47,1.0,1.0
5.10712884567843,0.49728201094444036,48,1.0,1.0
5.107109719978608,0.4972949163345938,49,1.0,1.0
5.107091366038015,0.4973073122635627,50,1.0,1.0
5.107073748162369,0.4973192215060706,51,1.0,1.0
5.10705683264786,0.4973306656215654,52,1.0,1.0
5.107040587643786,0.4973416650342997,53,1.0,1.0
5.107024983026793,0.49735223910693266,54,1.0,1.0
5.107009990285528,0.4973624062082741,55,1.0,1.0
5.106995582414701,0.49737218377572545,56,1.0,1.0
5.106981733817646,0.4973815883729098,57,1.0,1.0
5.106968420216571,0.49739063574293496,58,1.0,1.0
5.106955618569797,0.4973993408576816,59,1.0,1.0
5.106943306995294,0.4974077179634723,60,1.0,1.0
5.106931464700011,0.4974157806234376,61,1.0,1.0
5.106920071914423,0.49742354175686604,62,1.0,1.0
5.1069091098318555,0.4974310136757928,63,1.0,1.0
5.106898560552191,0.4974382081190608,64,1.0,1.0
5.106888407029549,0.4974451362840618,65,1.0,1.0
5.106878633023641,0.49745180885634743,66,1.0,1.0
5.106869223054437,0.49745823603728,67,1.0,1.0
5.10686016235997,0.49746442756988,68,1.0,1.0
5.106851436856907,0.4974703927630097,69,1.0,1.0
5.106843033103765,0.4974761405140207,70,1.0,1.0
5.106834938266488,0.49748167932998466,71,1.0,1.0
5.10682714008629,0.497487017347609,72,1.0,1.0
5.106819626849482,0.4974921623519389,73,1.0,1.0
5.106812387359229,0.49749712179393113,74,1.0,1.0
5.106805410909022,0.49750190280698287,75,1.0,1.0
5.106798687257818,0.4975065122224881,76,1.0,1.0
5.106792206606627,0.4975109565844912,77,1.0,1.0
5.106785959576536,0.49751524216349857,78,1.0,1.0
5.106779937187994,0.4975193749695075,79,1.0,1.0
5.106774130841336,0.4975233607643041,80,1.0,1.0
5.106768532298412,0.497527205073079,81,1.0,1.0
5.1067631336652575,0.49753091319540604,82,1.0,1.0
5.106757927375744,0.49753449021562596,83,1.0,1.0
5.106752906176146,0.4975379410126714,84,1.0,1.0
5.1067480631105475,0.4975412702693713,85,1.0,1.0
5.106743391507052,0.4975444824812653,86,1.0,1.0
5.106738884964734,0.4975475819649595,87,1.0,1.0
5.106734537341287,0.4975505728660519,88,1.0,1.0
5.106730342741315,0.49755345916665267,89,1.0,1.0
5.1067262955052595,0.4975562446925252,90,1.0,1.0
5.106722390198872,0.4975589331198683,91,1.0,1.0
5.106718621603251,0.4975615279817625,92,1.0,1.0
5.106714984705379,0.497564032674299,93,1.0,1.0
5.106711474689112,0.49756645046241044,94,1.0,1.0
5.10670808692667,0.49756878448541825,95,1.0,1.0
5.106704816970497,0.49757103776231615,96,1.0,1.0
5.10670166054555,0.4975732131968003,97,1.0,1.0
5.106698613541964,0.49757531358206375,98,1.0,1.0
5.106695672008033,0.4975773416053663,99,1.0,1.0
5.1066928321436045,0.4975792998523916,100,1.0,1.0
5.1066900902936965,0.4975811908114037,101,1.0,1.0
5.106687442942473,0.4975830168772141,102,1.0,1.0
5.106684886707498,0.49758478035496806,103,1.0,1.0
5.1066824183342305,0.49758648346375983,104,1.0,1.0
5.106680034690788,0.49758812834008714,105,1.0,1.0
5.106677732762957,0.49758971704115096,106,1.0,1.0
5.106675509649417,0.4975912515480098,107,1.0,1.0
5.106673362557181,0.4975927337685966,108,1.0,1.0
5.10667128879725,0.4975941655406013,109,1.0,1.0
5.106669285780448,0.49759554863423233,110,1.0,1.0
5.106667351013453,0.49759688475485514,111,1.0,1.0
5.106665482094998,0.49759817554552066,112,1.0,1.0
5.106663676712227,0.49759942258938444,113,1.0,1.0
5.106661932637236,0.4976006274120244,114,1.0,1.0
5.10666024772372,0.4976017914836595,115,1.0,1.0
5.106658619903824,0.4976029162212773,116,1.0,1.0
5.106657047185065,0.49760400299067126,117,1.0,1.0
5.106655527647423,0.49760505310839426,118,1.0,1.0
5.106654059440549,0.4976060678436319,119,1.0,1.0
5.106652640781082,0.49760704841999787,120,1.0,1.0
5.106651269950094,0.49760799601725686,121,1.0,1.0
5.1066499452906005,0.49760891177297684,122,1.0,1.0
5.10664866520524,0.49760979678411477,123,1.0,1.0
5.10664742815398,0.4976106521085383,124,1.0,1.0
5.106646232651974,0.4976114787664859,125,1.0,1.0
5.1066450772674585,0.49761227774196976,126,1.0,1.0
5.10664396061977,0.4976130499841214,127,1.0,1.0
5.106642881377434,0.49761379640848513,128,1.0,1.0
5.1066418382563015,0.4976145178982597,129,1.0,1.0
5.106640830017815,0.49761521530549163,130,1.0,1.0
5.106639855467298,0.49761588945222096,131,1.0,1.0
5.10663891345232,0.4976165411315834,132,1.0,1.0
5.106638002861157,0.49761717110886805,133,1.0,1.0
5.10663712262126,0.4976177801225364,134,1.0,1.0
5.106636271697843,0.4976183688851986,135,1.0,1.0
5.106635449092472,0.4976189380845561,136,1.0,1.0
5.106634653841748,0.4976194883843042,137,1.0,1.0
5.106633885016022,0.4976200204250032,138,1.0,1.0
5.106633141718159,0.4976205348249144,139,1.0,1.0
5.106632423082365,0.4976210321808048,140,1.0,1.0
5.106631728273044,0.4976215130687214,141,1.0,1.0
5.106631056483696,0.49762197804473635,142,1.0,1.0
5.106630406935887,0.4976224276456636,143,1.0,1.0
5.1066297788782045,0.49762286238974884,144,1.0,1.0
5.106629171585315,0.4976232827773333,145,1.0,1.0
5.1066285843570025,0.49762368929149314,146,1.0,1.0
5.106628016517286,0.49762408239865435,147,1.0,1.0
5.10662746741354,0.4976244625491856,148,1.0,1.0
5.106626936415664,0.49762483017796816,149,1.0,1.0
5.1066264229152765,0.4976251857049453,150,1.0,1.0
5.10662592632494,0.4976255295356512,151,1.0,1.0
5.106625446077423,0.49762586206172027,152,1.0,1.0
5.106624981624977,0.49762618366137784,153,1.0,1.0
5.106624532438641,0.4976264946999129,154,1.0,1.0
5.106624098007593,0.4976267955301332,155,1.0,1.0
5.106623677838494,0.4976270864928039,156,1.0,1.0
5.106623271454874,0.4976273679170707,157,1.0,1.0
5.1066228783965375,0.4976276401208663,158,1.0,1.0
5.106622498219002,0.4976279034113035,159,1.0,1.0
5.106622130492932,0.49762815808505323,160,1.0,1.0
5.10662177480361,0.497628404428709,161,1.0,1.0
5.106621430750435,0.4976286427191379,162,1.0,1.0
5.106621097946418,0.4976288732238202,163,1.0,1.0
5.10662077601771,0.497629096201175,164,1.0,1.0
5.106620464603147,0.49762931190087484,165,1.0,1.0
5.106620163353799,0.4976295205641501,166,1.0,1.0
5.106619871932555,0.4976297224240807,167,1.0,1.0
5.1066195900137075,0.4976299177058784,168,1.0,1.0
5.106619317282556,0.49763010662715873,169,1.0,1.0
5.106619053435029,0.49763028939820386,170,1.0,1.0
5.106618798177305,0.49763046622221474,171,1.0,1.0
5.1066185512254805,0.49763063729555573,172,1.0,1.0
5.106618312305201,0.4976308028079898,173,1.0,1.0
5.106618081151355,0.4976309629429053,174,1.0,1.0
5.1066178575077394,0.497631117877535,175,1.0,1.0
5.106617641126757,0.49763126778316746,176,1.0,1.0
5.1066174317691235,0.49763141282535067,177,1.0,1.0
5.106617229203584,0.49763155316408847,178,1.0,1.0
5.10661703320663,0.4976316889540306,179,1.0,1.0
5.106616843562236,0.49763182034465536,180,1.0,1.0
5.106616660061613,0.49763194748044626,181,1.0,1.0
5.106616482502945,0.4976320705010626,182,1.0,1.0
5.106616310691166,0.4976321895415037,183,1.0,1.0
5.106616144437716,0.4976323047322672,184,1.0,1.0
5.1066159835603315,0.497632416199503,185,1.0,1.0
5.106615827882823,0.49763252406516056,186,1.0,1.0
5.106615677234872,0.4976326284471313,187,1.0,1.0
5.106615531451828,0.49763272945938697,188,1.0,1.0
5.106615390374522,0.4976328272121117,189,1.0,1.0
5.106615253849071,0.4976329218118312,190,1.0,1.0
5.106615121726703,0.49763301336153537,191,1.0,1.0
5.1066149938635945,0.49763310196079913,192,1.0,1.0
5.106614870120691,0.49763318770589693,193,1.0,1.0
5.106614750363535,0.49763327068991436,194,1.0,1.0
5.106614634462142,0.49763335100285605,195,1.0,1.0
5.106614522290821,0.4976334287317491,196,1.0,1.0
5.106614413728041,0.4976335039607434,197,1.0,1.0
5.106614308656296,0.49763357677120884,198,1.0,1.0
5.106614206961959,0.4976336472418283,199,1.0,1.0
4.124947630724247,1.9714041584505761,0,0.25,2.0
4.123764510303921,1.972526694149027,1,0.25,2.0
4.122830573727962,1.9734296882647213,2,0.25,2.0
4.122062547484964,1.9741643674355587,3,0.25,2.0
4.121418258809211,1.974765822401504,4,0.25,2.0
4.120872274063165,1.9752583182490924,5,0.25,2.0
4.1204073464098006,1.9756598781840222,6,0.25,2.0
4.120010753239891,1.9759847428197328,7,0.25,2.0
4.119672516418294,1.9762446788916237,8,0.25,2.0
4.1193844600318865,1.9764496984003235,9,0.25,2.0
4.119139679731749,1.9766084688923622,10,0.25,2.0
4.118932228835364,1.9767285583120222,11,0.25,2.0
4.118756923985332,1.9768165905560988,12,0.25,2.0
4.118609218657282,1.9768783532784633,13,0.25,2.0
4.11848511575738,1.9769188808073717,14,0.25,2.0
4.11838110288407,1.976942524542565,15,0.25,2.0
4.11829410078837,1.976953017177257,16,0.25,2.0
4.1182214196260265,1.9769535336408515,17,0.25,2.0
4.118160720001738,1.976946749742461,18,0.25,2.0
4.1181099772311995,1.9769348985080277,19,0.25,2.0
4.118067448073264,1.9769198237744816,20,0.25,2.0
4.118031639641083,1.9769030304984319,21,0.25,2.0
4.118001280430359,1.9768857313045076,22,0.25,2.0
4.11797529349627,1.976868888945059,23,0.25,2.0
4.117952771826866,1.9768532545111168,24,0.25,2.0
4.1179329559373095,1.9768394013918,25,0.25,2.0
4.117915213669578,1.976827755109782,26,0.25,2.0
4.117899022139856,1.9768186192584367,27,0.25,2.0
4.117883951738346,1.9768121978324242,28,0.25,2.0
4.117869652057051,1.9768086142816896,29,0.25,2.0
4.117855839601063,1.9768079276343247,30,0.25,2.0
4.117842287127461,1.9768101460319283,31,0.25,2.0
4.1178288144519115,1.9768152380070338,32,0.25,2.0
4.117815280565033,1.9768231418099966,33,0.25,2.0
4.1178015769067535,1.976833773065934,34,0.25,2.0
4.117787621656161,1.9768470310133788,35,0.25,2.0
4.117773354905426,1.9768628035471396,36,0.25,2.0
4.117758734598489,1.9768809712597328,37,0.25,2.0
4.1177437331273605,1.9769014106494232,38,0.25,2.0
4.117728334491172,1.9769239966389172,39,0.25,2.0
4.117712531934213,1.9769486045271913,40,0.25,2.0
4.117696325990181,1.9769751114779506,41,0.25,2.0
4.117679722869388,1.9770033976315808,42,0.25,2.0
4.117662733134461,1.977033346913141,43,0.25,2.0
4.117645370617927,1.9770648475966563,44,0.25,2.0
4.1176276515418095,1.9770977926754911,45,0.25,2.0
4.117609593805497,1.9771320800797836,46,0.25,2.0
4.1175912164132225,1.9771676127744833,47,0.25,2.0
4.11757253901707,1.9772042987653171,48,0.25,2.0
4.117553581555246,1.9772420510348487,49,0.25,2.0
4.117534363968549,1.977280787426506,50,0.25,2.0
4.117514905980988,1.977320430490918,51,0.25,2.0
4.117495226932588,1.977360907305978,52,0.25,2.0
4.1174753456546345,1.9774021492796743,53,0.25,2.0
4.1174552803791755,1.9774440919427838,54,0.25,2.0
4.117435048676121,1.9774866747369282,55,0.25,2.0
4.117414667412275,1.9775298408022175,56,0.25,2.0
4.117394152727876,1.9775735367676734,57,0.25,2.0
4.117373520026785,1.9776177125467906,58,0.25,2.0
4.117352783977385,1.9776623211399313,59,0.25,2.0
4.117331958521616,1.9777073184447225,60,0.25,2.0
4.117311056890198,1.977752663075225,61,0.25,2.0
4.117290091622383,1.9777983161902972,62,0.25,2.0
4.117269074588931,1.9778442413313466,63,0.25,2.0
4.117248017017312,1.9778904042694665,64,0.25,2.0
4.117226929518221,1.9779367728618056,65,0.25,2.0
4.117205822112869,1.9779833169169272,66,0.25,2.0
4.11718470426047,1.9780300080688247,67,0.25,2.0
4.117163584885528,1.9780768196592255,68,0.25,2.0
4.117142472404662,1.9781237266277667,69,0.25,2.0
4.117121374752756,1.978170705409624,70,0.25,2.0
4.117100299408252,1.9782177338401594,71,0.25,2.0
4.117079253417467,1.9782647910661588,72,0.25,2.0
4.117058243417935,1.9783118574632363,73,0.25,2.0
4.117037275660611,1.978358914559,74,0.25,2.0
4.117016356031058,1.9784059449615836,75,0.25,2.0
4.116995490069513,1.9784529322931768,76,0.25,2.0
4.116974682989893,1.9784998611281914,77,0.25,2.0
4.116953939697789,1.9785467169357336,78,0.25,2.0
4.116933264807406,1.9785934860260743,79,0.25,2.0
4.116912662657597,1.9786401555008117,80,0.25,2.0
4.116892137326918,1.978686713206463,81,0.25,2.0
4.116871692647834,1.9787331476912258,82,0.25,2.0
4.1168513322200795,1.9787794481646745,83,0.25,2.0
4.116831059423223,1.9788256044601702,84,0.25,2.0
4.116810877428513,1.97887160699978,85,0.25,2.0
4.116790789209988,1.9789174467615243,86,0.25,2.0
4.116770797554938,1.9789631152487699,87,0.25,2.0
4.116750905073744,1.9790086044616149,88,0.25,2.0
4.116731114209168,1.9790539068701158,89,0.25,2.0
4.1167114272450185,1.9790990153892176,90,0.25,2.0
4.116691846314408,1.979143923355269,91,0.25,2.0
4.11667237340745,1.979188624503998,92,0.25,2.0
4.116653010378553,1.979233112949848,93,0.25,2.0
4.1166337589532755,1.979277383166571,94,0.25,2.0
4.116614620734794,1.9793214299689974,95,0.25,2.0
4.116595597210027,1.9793652484958826,96,0.25,2.0
4.116576689755377,1.9794088341937697,97,0.25,2.0
4.116557899642183,1.979452182801791,98,0.25,2.0
4.116539228041859,1.9794952903373395,99,0.25,2.0
4.116520676030763,1.979538153082559,100,0.25,2.0
4.116502244594791,1.9795807675715886,101,0.25,2.0
4.1164839346337345,1.9796231305785168,102,0.25,2.0
4.1164657469654,1.9796652391059943,103,0.25,2.0
4.1164476823295235,1.9797070903744651,104,0.25,2.0
4.1164297413914515,1.9797486818119705,105,0.25,2.0
4.116411924745696,1.9797900110444961,106,0.25,2.0
4.11639423291923,1.9798310758868185,107,0.25,2.0
4.11637666637467,1.97987187433383,108,0.25,2.0
4.116359225513293,1.9799124045523,109,0.25,2.0
4.1163419106778925,1.9799526648730592,110,0.25,2.0
4.11632472215547,1.9799926537835655,111,0.25,2.0
4.116307660179878,1.9800323699208453,112,0.25,2.0
4.116290724934254,1.9800718120647702,113,0.25,2.0
4.116273916553363,1.98011097913167,114,0.25,2.0
4.116257235125843,1.9801498701682358,115,0.25,2.0
4.1162406806963485,1.9801884843457247,116,0.25,2.0
4.116224253267568,1.9802268209544303,117,0.25,2.0
4.116207952802187,1.9802648793984052,118,0.25,2.0
4.116191779224696,1.9803026591904338,119,0.25,2.0
4.116175732423228,1.9803401599472275,120,0.25,2.0
4.116159812251192,1.9803773813848369,121,0.25,2.0
4.116144018528928,1.9804143233142708,122,0.25,2.0
4.116128351045219,1.9804509856373083,123,0.25,2.0
4.116112809558796,1.9804873683424884,124,0.25,2.0
4.116097393799741,1.9805234715012867,125,0.25,2.0
4.116082103470836,1.9805592952644413,126,0.25,2.0
4.116066938248871,1.9805948398584474,127,0.25,2.0
4.116051897785859,1.9806301055821949,128,0.25,2.0
4.1160369817102715,1.9806650928037481,129,0.25,2.0
4.116022189628106,1.9806998019572624,130,0.25,2.0
4.116007521124054,1.9807342335400242,131,0.25,2.0
4.115992975762502,1.9807683881096185,132,0.25,2.0
4.11597855308854,1.9808022662812048,133,0.25,2.0
4.115964252628929,1.9808358687249128,134,0.25,2.0
4.115950073893025,1.9808691961633347,135,0.25,2.0
4.115936016373661,1.9809022493691235,136,0.25,2.0
4.115922079547998,1.9809350291626866,137,0.25,2.0
4.115908262878335,1.9809675364099668,138,0.25,2.0
4.115894565812912,1.9809997720203159,139,0.25,2.0
4.115880987786632,1.9810317369444492,140,0.25,2.0
4.115867528221806,1.9810634321724816,141,0.25,2.0
4.115854186528843,1.9810948587320372,142,0.25,2.0
4.115840962106901,1.9811260176864325,143,0.25,2.0
4.11582785434455,1.9811569101329358,144,0.25,2.0
4.1158148626203666,1.981187537201084,145,0.25,2.0
4.11580198630355,1.9812179000510697,146,0.25,2.0
4.1157892247544385,1.9812479998721877,147,0.25,2.0
4.115776577325123,1.9812778378813425,148,0.25,2.0
4.115764043359931,1.9813074153216095,149,0.25,2.0
4.115751622195933,1.9813367334608516,150,0.25,2.0
4.115739313163434,1.98136579359039,151,0.25,2.0
4.115727115586443,1.9813945970237201,152,0.25,2.0
4.115715028783113,1.9814231450952795,153,0.25,2.0
4.115703052066172,1.9814514391592617,154,0.25,2.0
4.115691184743346,1.9814794805884717,155,0.25,2.0
4.115679426117747,1.9815072707732255,156,0.25,2.0
4.1156677754882605,1.9815348111202908,157,0.25,2.0
4.115656232149917,1.9815621030518662,158,0.25,2.0
4.115644795394244,1.9815891480045997,159,0.25,2.0
4.115633464509584,1.9816159474286403,160,0.25,2.0
4.115622238781462,1.9816425027867286,161,0.25,2.0
4.115611117492877,1.9816688155533182,162,0.25,2.0
4.1156000999246025,1.9816948872137288,163,0.25,2.0
4.115589185355487,1.9817207192633355,164,0.25,2.0
4.11557837306272,1.9817463132067816,165,0.25,2.0
4.115567662322109,1.9817716705572246,166,0.25,2.0
4.115557052408342,1.9817967928356084,167,0.25,2.0
4.115546542595222,1.9818216815699632,168,0.25,2.0
4.115536132155938,1.9818463382947298,169,0.25,2.0
4.115525820363217,1.9818707645501108,170,0.25,2.0
4.115515606489643,1.9818949618814448,171,0.25,2.0
4.115505489807802,1.981918931838603,172,0.25,2.0
4.11549546959051,1.9819426759754102,173,0.25,2.0
4.115485545110992,1.9819661958490844,174,0.25,2.0
4.115475715643088,1.9819894930197002,175,0.25,2.0
4.115465980461419,1.9820125690496715,176,0.25,2.0
4.115456338841545,1.9820354255032513,177,0.25,2.0
4.115446790060174,1.982058063946053,178,0.25,2.0
4.115437333395281,1.9820804859445893,179,0.25,2.0
4.115427968126271,1.9821026930658263,180,0.25,2.0
4.115418693534142,1.9821246868767566,181,0.25,2.0
4.115409508901568,1.9821464689439894,182,0.25,2.0
4.115400413513115,1.9821680408333526,183,0.25,2.0
4.115391406655313,1.9821894041095145,184,0.25,2.0
4.115382487616788,1.982210560335615,185,0.25,2.0
4.115373655688401,1.9822315110729185,186,0.25,2.0
4.115364910163299,1.9822522578804713,187,0.25,2.0
4.115356250337117,1.9822728023147789,188,0.25,2.0
4.115347675507991,1.9822931459294937,189,0.25,2.0
4.115339184976742,1.9823132902751166,190,0.25,2.0
4.115330778046873,1.9823332368987048,191,0.25,2.0
4.115322454024735,1.9823529873436017,192,0.25,2.0
4.11531421221957,1.982372543149165,193,0.25,2.0
4.115306051943616,1.9823919058505193,194,0.25,2.0
4.115297972512172,1.9824110769783032,195,0.25,2.0
4.1152899732436765,1.9824300580584464,196,0.25,2.0
4.115282053459774,1.9824488506119349,197,0.25,2.0
4.11527421248538,1.9824674561546025,198,0.25,2.0
4.115266449648754,1.982485876196923,199,0.25,2.0
3.1537847324364385,7.780848506024259,0,0.0625,4.0
3.151332583258709,7.789070517199559,1,0.0625,4.0
3.149459133935382,7.795689210238755,2,0.0625,4.0
3.147962013711144,7.801091958318478,3,0.0625,4.0
3.1467351006824416,7.805565954852275,4,0.0625,4.0
3.145712992491722,7.809313177230428,5,0.0625,4.0
3.14485123472204,7.812481137636858,6,0.0625,4.0
3.1441176592188196,7.815181435885921,7,0.0625,4.0
3.1434880121850934,7.817500653829391,8,0.0625,4.0
3.1429434988432554,7.819507108195231,9,0.0625,4.0
3.142469281810781,7.8212553114294945,10,0.0625,4.0
3.142053496747911,7.822789091633877,11,0.0625,4.0
3.1416865698988463,7.824143876663676,12,0.0625,4.0
3.141360723611948,7.825348423679407,13,0.0625,4.0
3.1410696058384673,7.826426159692854,14,0.0625,4.0
3.14080800559271,7.827396236505508,15,0.0625,4.0
3.1405716305573605,7.828274368632957,16,0.0625,4.0
3.140356931137772,7.82907350234375,17,0.0625,4.0
3.1401609601226,7.829804351222498,18,0.0625,4.0
3.1399812601448023,7.830475825276221,19,0.0625,4.0
3.1398157731263368,7.831095374733444,20,0.0625,4.0
3.1396627672545954,7.831669265363148,21,0.0625,4.0
3.1395207780142,7.8322027988271,22,0.0625,4.0
3.139388560522235,7.832700488966803,23,0.0625,4.0
3.139265050967918,7.833166202830153,24,0.0625,4.0
3.1391493353896216,7.8336032735445675,25,0.0625,4.0
3.139040624365201,7.834014590761217,26,0.0625,4.0
3.1389382324658257,7.83440267326925,27,0.0625,4.0
3.138841561545428,7.834769727463207,28,0.0625,4.0
3.1387500871170886,7.835117694603628,29,0.0625,4.0
3.1386633472129226,7.835448289209774,30,0.0625,4.0
3.138580933242123,7.835763030438988,31,0.0625,4.0
3.138502482456831,7.836063267918227,32,0.0625,4.0
3.138427671713046,7.836350203182247,33,0.0625,4.0
3.13835621227574,7.8366249076252075,34,0.0625,4.0
3.1382878454673317,7.8368883376759895,35,0.0625,4.0
3.138222338999693,7.837141347752174,36,0.0625,4.0
3.138159483860944,7.837384701425604,37,0.0625,4.0
3.1380990916553433,7.837619081136716,38,0.0625,4.0
3.1380409923143375,7.837845096720176,39,0.0625,4.0
3.137985032113706,7.8380632929463685,40,0.0625,4.0
3.137931071944582,7.838274156238376,41,0.0625,4.0
3.1378789857966147,7.838478120689533,42,0.0625,4.0
3.137828659419643,7.838675573480007,43,0.0625,4.0
3.137779989136968,7.838866859770599,44,0.0625,4.0
3.137732880788061,7.839052287136407,45,0.0625,4.0
3.1376872487832603,7.839232129591147,46,0.0625,4.0
3.1376430152553922,7.839406631244041,47,0.0625,4.0
3.1376001092965637,7.8395760096242615,48,0.0625,4.0
3.1375584662699723,7.839740458702675,49,0.0625,4.0
3.1375180271883156,7.839900151636784,50,0.0625,4.0
3.1374787381516693,7.840055243261484,51,0.0625,4.0
3.1374405498386526,7.840205872345944,52,0.0625,4.0
3.137403417045679,7.840352163634952,53,0.0625,4.0
3.1373672982696093,7.84049422969151,54,0.0625,4.0
3.137332155329826,7.8406321725561385,55,0.0625,4.0
3.137297953026037,7.8407660852372425,56,0.0625,4.0
3.137264658828668,7.840896053045912,57,0.0625,4.0
3.1372322425988877,7.841022154787664,58,0.0625,4.0
3.137200676335773,7.841144463822789,59,0.0625,4.0
3.1371699339480426,7.841263049006291,60,0.0625,4.0
3.137139991048377,7.84137797551764,61,0.0625,4.0
3.1371108247683335,7.841489305589893,62,0.0625,4.0
3.1370824135918536,7.841597099147218,63,0.0625,4.0
3.137054737206043,7.841701414359047,64,0.0625,4.0
3.1370277763672814,7.841802308118725,65,0.0625,4.0
3.137001512781689,7.84189983645381,66,0.0625,4.0
3.1369759289983374,7.841994054874747,67,0.0625,4.0
3.1369510083141776,7.842085018668068,68,0.0625,4.0
3.1369267346895846,7.842172783139877,69,0.0625,4.0
3.1369030926734496,7.842257403814837,70,0.0625,4.0
3.136880067337053,7.84233893659554,71,0.0625,4.0
3.136857644215711,7.842417437886662,72,0.0625,4.0
3.136835809257457,7.842492964687993,73,0.0625,4.0
3.136814548778247,7.842565574660051,74,0.0625,4.0
3.1367938494227463,7.842635326165651,75,0.0625,4.0
3.136773698130332,7.842702278290514,76,0.0625,4.0
3.1367540821056856,7.842766490845718,77,0.0625,4.0
3.1367349887934655,7.8428280243545165,78,0.0625,4.0
3.136716405856733,7.84288694002579,79,0.0625,4.0
3.1366983211585655,7.842943299716243,80,0.0625,4.0
3.1366807227465703,7.84299716588314,81,0.0625,4.0
3.136663598840016,7.843048601529273,82,0.0625,4.0
3.1366469378191475,7.843097670141663,83,0.0625,4.0
3.1366307282165806,7.843144435625282,84,0.0625,4.0
3.1366149587102754,7.843188962233009,85,0.0625,4.0
3.136599618118268,7.843231314492843,86,0.0625,4.0
3.13658469539447,7.843271557133314,87,0.0625,4.0
3.136570179625757,7.843309755007885,88,0.0625,4.0
3.136556060029955,7.8433459730190656,89,0.0625,4.0
3.136542325954707,7.843380276042854,90,0.0625,4.0
3.1365289668769556,7.843412728854049,91,0.0625,4.0
3.1365159724031155,7.843443396052862,92,0.0625,4.0
3.1365033322696156,7.843472341993268,93,0.0625,4.0
3.136491036343905,7.843499630713387,94,0.0625,4.0
3.1364790746257203,7.843525325868194,95,0.0625,4.0
3.1364674372485926,7.843549490664765,96,0.0625,4.0
3.136456114481531,7.843572187800282,97,0.0625,4.0
3.1364450967308315,7.843593479402872,98,0.0625,4.0
3.1364343745419383,7.843613426975473,99,0.0625,4.0
3.136423938601295,7.843632091342734,100,0.0625,4.0
3.136413779738291,7.843649532601033,101,0.0625,4.0
3.1364038889270205,7.843665810071647,102,0.0625,4.0
3.1363942572880976,7.843680982257046,103,0.0625,4.0
3.136384876090318,7.843695106800334,104,0.0625,4.0
3.136375736752239,7.84370824044779,105,0.0625,4.0
3.136366830843601,7.843720439014448,106,0.0625,4.0
3.1363581500866076,7.843731757352707,107,0.0625,4.0
3.136349686357148,7.843742249323854,108,0.0625,4.0
3.1363414316857607,7.843751967772473,109,0.0625,4.0
3.1363333782585343,7.843760964503611,110,0.0625,4.0
3.136325518417678,7.843769290262652,111,0.0625,4.0
3.1363178446621838,7.843776994717791,112,0.0625,4.0
3.1363103496480864,7.843784126445024,113,0.0625,4.0
3.1363030261887097,7.843790732915519,114,0.0625,4.0
3.1362958672546597,7.843796860485338,115,0.0625,4.0
3.136288865973743,7.843802554387321,116,0.0625,4.0
3.136282015630673,7.843807858725111,117,0.0625,4.0
3.136275309666603,7.843812816469169,118,0.0625,4.0
3.1362687416786112,7.843817469454684,119,0.0625,4.0
3.136262305418928,7.84382185838129,120,0.0625,4.0
3.1362559947941335,7.843826022814502,121,0.0625,4.0
3.1362498038640982,7.843830001188728,122,0.0625,4.0
3.136243726840977,7.843833830811817,123,0.0625,4.0
3.1362377580878853,7.843837547870992,124,0.0625,4.0
3.1362318921176495,7.843841187440153,125,0.0625,4.0
3.136226123591287,7.843844783488368,126,0.0625,4.0
3.1362204473165054,7.84384836888954,127,0.0625,4.0
3.1362148582461025,7.8438519754331475,128,0.0625,4.0
3.1362093514761966,7.843855633835947,129,0.0625,4.0
3.136203922244434,7.843859373754595,130,0.0625,4.0
3.136198565928149,7.843863223799117,131,0.0625,4.0
3.1361932780424073,7.84386721154711,132,0.0625,4.0
3.136188054237989,7.843871363558666,133,0.0625,4.0
3.1361828902993825,7.8438757053919,134,0.0625,4.0
3.136177782142621,7.843880261619054,135,0.0625,4.0
3.136172725813145,7.8438850558430975,136,0.0625,4.0
3.136167717483618,7.843890110714778,137,0.0625,4.0
3.136162753451732,7.843895447950056,138,0.0625,4.0
3.136157830137895,7.84390108834789,139,0.0625,4.0
3.136152944082978,7.84390705180829,140,0.0625,4.0
3.136148091946003,7.843913357350646,141,0.0625,4.0
3.13614327050184,7.843920023132218,142,0.0625,4.0
3.1361384766388376,7.843927066466814,143,0.0625,4.0
3.1361337073565227,7.843934503843565,144,0.0625,4.0
3.1361289597632283,7.8439423509457935,145,0.0625,4.0
3.136124231073719,7.843950622669922,146,0.0625,4.0
3.1361195186069146,7.84395933314439,147,0.0625,4.0
3.136114819783476,7.843968495748572,148,0.0625,4.0
3.136110132123516,7.843978123131624,149,0.0625,4.0
3.136105453244218,7.843988227231283,150,0.0625,4.0
3.1361007808575785,7.84399881929255,151,0.0625,4.0
3.136096112768085,7.844009909886275,152,0.0625,4.0
3.136091446870429,7.844021508927571,153,0.0625,4.0
3.1360867811472346,7.844033625694107,154,0.0625,4.0
3.136082113666836,7.844046268844182,155,0.0625,4.0
3.1360774425810547,7.844059446434641,156,0.0625,4.0
3.1360727661229824,7.844073165938557,157,0.0625,4.0
3.1360680826048384,7.844087434262696,158,0.0625,4.0
3.136063390415819,7.844102257764758,159,0.0625,4.0
3.1360586880199666,7.844117642270355,160,0.0625,4.0
3.1360539739541107,7.844133593089744,161,0.0625,4.0
3.136049246825797,7.844150115034285,162,0.0625,4.0
3.1360445053112933,7.844167212432635,163,0.0625,4.0
3.1360397481535305,7.844184889146661,164,0.0625,4.0
3.1360349741602374,7.844203148587056,165,0.0625,4.0
3.1360301822019583,7.844221993728673,166,0.0625,4.0
3.136025371210179,7.844241427125568,167,0.0625,4.0
3.13602054017546,7.844261450925732,168,0.0625,4.0
3.1360156881456636,7.844282066885529,169,0.0625,4.0
3.136010814224095,7.8443032763838225,170,0.0625,4.0
3.1360059175678128,7.844325080435815,171,0.0625,4.0
3.1360009973858887,7.844347479706553,172,0.0625,4.0
3.135996052937738,7.844370474524154,173,0.0625,4.0
3.1359910835314757,7.844394064892707,174,0.0625,4.0
3.1359860885223085,7.844418250504878,175,0.0625,4.0
3.1359810673109543,7.844443030754206,176,0.0625,4.0
3.135976019342145,7.844468404747095,177,0.0625,4.0
3.135970944103068,7.844494371314519,178,0.0625,4.0
3.1359658411219478,7.8445209290234015,179,0.0625,4.0
3.1359607099665947,7.844548076187722,180,0.0625,4.0
3.13595555024299,7.844575810879328,181,0.0625,4.0
3.1359503615939754,7.844604130938441,182,0.0625,4.0
3.1359451436978816,7.844633033983886,183,0.0625,4.0
3.1359398962672618,7.844662517423042,184,0.0625,4.0
3.135934619047603,7.844692578461507,185,0.0625,4.0
3.1359293118161116,7.844723214112488,186,0.0625,4.0
3.13592397438053,7.844754421205919,187,0.0625,4.0
3.1359186065779454,7.8447861963973216,188,0.0625,4.0
3.135913208273678,7.844818536176383,189,0.0625,4.0
3.135907779360167,7.844851436875301,190,0.0625,4.0
3.1359023197559157,7.844884894676858,191,0.0625,4.0
3.135896829404423,7.844918905622254,192,0.0625,4.0
3.1358913082731927,7.844953465618688,193,0.0625,4.0
3.135885756352746,7.844988570446709,194,0.0625,4.0
3.135880173655668,7.845024215767338,195,0.0625,4.0
3.1358745602156404,7.8450603971289326,196,0.0625,4.0
3.135868916086638,7.845097109973866,197,0.0625,4.0
3.13586324134193,7.845134349644957,198,0.0625,4.0
3.135857536073349,7.845172111391701,199,0.0625,4.0
2.2111458280281937,30.26510651463672,0,0.015625,8.0
2.2062020659726276,30.3297616723459,1,0.015625,8.0
2.2024518282267405,30.38197709543707,2,0.015625,8.0
2.199471899192762,30.424710199226823,3,0.015625,8.0
2.1970401024188604,30.46019979645591,4,0.015625,8.0
2.195019967470115,30.490026081988002,5,0.015625,8.0
2.193319444005505,30.515342617766706,6,0.015625,8.0
2.191872614957127,30.537017535942393,7,0.015625,8.0
2.190630365257041,30.555718053682863,8,0.015625,8.0
2.189555077400291,30.571965921786965,9,0.015625,8.0
2.188617359597135,30.586175615430633,10,0.015625,8.0
2.1877939018185533,30.598680960197346,11,0.015625,8.0
2.187066004900135,30.609753805679894,12,0.015625,8.0
2.186418533878946,30.619617314844433,13,0.015625,8.0
2.185839150555328,30.628455667364218,14,0.015625,8.0
2.1853177367357652,30.63642137715228,15,0.015625,8.0
2.1848459520382875,30.64364099215853,16,0.015625,8.0
2.184416889485373,30.650219655827158,17,0.015625,8.0
2.184024803994369,30.6562448286805,18,0.015625,8.0
2.183664896376632,30.66178936033336,19,0.015625,8.0
2.183333140327578,30.666914039516513,20,0.015625,8.0
2.1830261431472984,30.671669713636472,21,0.015625,8.0
2.182741033183561,30.67609904822436,22,0.015625,8.0
2.1824753685931277,30.680237983405686,23,0.015625,8.0
2.18222706319637,30.684116935429056,24,0.015625,8.0
2.1819943260861834,30.687761784337276,25,0.015625,8.0
2.181775612334455,30.69119468308301,26,0.015625,8.0
2.181569582669905,30.69443471835036,27,0.015625,8.0
2.1813750704213533,30.697498448868036,28,0.015625,8.0
2.1811910543527393,30.700400343023727,29,0.015625,8.0
2.1810166362835357,30.70315313408571,30,0.015625,8.0
2.1808510226013595,30.705768108284477,31,0.015625,8.0
2.1806935089451827,30.708255338379125,32,0.015625,8.0
2.1805434674761877,30.71062387309487,33,0.015625,8.0
2.180400336263693,30.71288189093221,34,0.015625,8.0
2.180263610404232,30.71503682527219,35,0.015625,8.0
2.1801328345631994,30.717095466396287,36,0.015625,8.0
2.180007596687634,30.719064044963368,37,0.015625,8.0
2.1798875226849184,30.72094830060527,38,0.015625,8.0
2.179772271901083,30.72275353858465,39,0.015625,8.0
2.1796615332620455,30.724484676876116,40,0.015625,8.0
2.1795550219673387,30.726146285560517,41,0.015625,8.0
2.1794524766444496,30.727742620042513,42,0.015625,8.0
2.179353656889475,30.729277649296318,43,0.015625,8.0
2.1792583411325452,30.73075508009975,44,0.015625,8.0
2.1791663247771567,30.732178378020773,45,0.015625,8.0
2.1790774185714703,30.733550785764464,46,0.015625,8.0
2.17899144717693,30.73487533936347,47,0.015625,8.0
2.178908247905202,30.736154882596036,48,0.015625,8.0
2.178827669599288,30.737392079936757,49,0.015625,8.0
2.1787495716387095,30.738589428282598,50,0.015625,8.0
2.1786738230517706,30.73974926764749,51,0.015625,8.0
2.1786003017207722,30.740873790979318,52,0.015625,8.0
2.178528893667993,30.74196505322247,53,0.015625,8.0
2.1784594924123226,30.743024979724478,54,0.015625,8.0
2.178391998387877,30.744055374066274,55,0.015625,8.0
2.178326318417085,30.745057925380333,56,0.015625,8.0
2.1782623652321487,30.746034215209082,57,0.015625,8.0
2.1782000570389997,30.746985723946732,58,0.015625,8.0
2.1781393171195926,30.747913836900306,59,0.015625,8.0
2.1780800734679246,30.748819849999748,60,0.015625,8.0
2.178022258456581,30.749704975182862,61,0.015625,8.0
2.1779658085306224,30.750570345476707,62,0.015625,8.0
2.1779106639260455,30.7514170197949,63,0.015625,8.0
2.177856768410555,30.75224598746762,64,0.015625,8.0
2.177804069044397,30.75305817251945,65,0.015625,8.0
2.1777525159595577,30.753854437709034,66,0.015625,8.0
2.1777020621555554,30.754635588342904,67,0.015625,8.0
2.1776526633104787,30.75540237587545,68,0.015625,8.0
2.177604277605795,30.756155501305727,69,0.015625,8.0
2.1775568655639255,30.756895618381623,70,0.015625,8.0
2.1775103898974972,30.757623336620803,71,0.015625,8.0
2.177464815369172,30.758339224157915,72,0.015625,8.0
2.17742010866138,30.759043810426707,73,0.015625,8.0
2.1773762382551833,30.75973758868544,74,0.015625,8.0
2.177333174317331,30.760421018393668,75,0.015625,8.0
2.1772908885952376,30.761094527447973,76,0.015625,8.0
2.1772493543188602,30.761758514284068,77,0.015625,8.0
2.1772085461093873,30.76241334985226,78,0.015625,8.0
2.177168439893922,30.763059379473006,79,0.015625,8.0
2.1771290128258336,30.763696924578987,80,0.015625,8.0
2.177090243210504,30.764326284349895,81,0.015625,8.0
2.1770521104357723,30.76494773724578,82,0.015625,8.0
2.1770145949069555,30.765561542444576,83,0.015625,8.0
2.1769776779862813,30.766167941189188,84,0.015625,8.0
2.176941341935928,30.766767158049266,85,0.015625,8.0
2.1769055698650384,30.767359402102453,86,0.015625,8.0
2.1768703456798626,30.767944868039848,87,0.015625,8.0
2.176835654037278,30.76852373720003,88,0.015625,8.0
2.176801480301071,30.7690961785358,89,0.015625,8.0
2.176767810501259,30.769662349517677,90,0.015625,8.0
2.176734631295652,30.770222396977903,91,0.015625,8.0
2.176701929934012,30.770776457898435,92,0.015625,8.0
2.1766696942244614,30.771324660146515,93,0.015625,8.0
2.1766379125018673,30.771867123160725,94,0.015625,8.0
2.176606573598322,30.772403958590832,95,0.015625,8.0
2.1765756668153244,30.772935270894113,96,0.015625,8.0
2.176545181897678,30.773461157890853,97,0.015625,8.0
2.1765151090091486,30.773981711281767,98,0.015625,8.0
2.176485438709422,30.77449701712939,99,0.015625,8.0
2.176456161932572,30.7750071563061,100,0.015625,8.0
2.17642726996673,30.77551220491057,101,0.015625,8.0
2.1763987544351426,30.776012234654868,102,0.015625,8.0
2.1763706072781943,30.776507313224073,103,0.015625,8.0
2.1763428207366964,30.776997504609977,104,0.015625,8.0
2.176315387335908,30.7774828694209,105,0.015625,8.0
2.176288299870855,30.777963465168877,106,0.015625,8.0
2.1762615513922405,30.77843934653581,107,0.015625,8.0
2.1762351351932736,30.778910565620045,108,0.015625,8.0
2.176209044797311,30.77937717216452,109,0.015625,8.0
2.176183273946222,30.779839213767836,110,0.015625,8.0
2.1761578165893667,30.780296736079315,111,0.015625,8.0
2.176132666873281,30.780749782979147,112,0.015625,8.0
2.176107819131925,30.78119839674462,113,0.015625,8.0
2.1760832678775373,30.781642618203442,114,0.015625,8.0
2.176059007791997,30.782082486874888,115,0.015625,8.0
2.1760350337185717,30.78251804109977,116,0.015625,8.0
2.176011340654373,30.782949318159854,117,0.015625,8.0
2.1759879237430333,30.783376354387585,118,0.015625,8.0
2.175964778267872,30.78379918526666,119,0.015625,8.0
2.1759418996454656,30.784217845524225,120,0.015625,8.0
2.1759192834195566,30.784632369215128,121,0.015625,8.0
2.175896925255275,30.785042789798943,122,0.015625,8.0
2.175874820933787,30.78544914021019,123,0.015625,8.0
2.1758529663471187,30.785851452922213,124,0.015625,8.0
2.175831357493278,30.786249760005248,125,0.015625,8.0
2.175809990471775,30.786644093179053,126,0.015625,8.0
2.175788861479255,30.787034483860513,127,0.015625,8.0
2.175767966805342,30.787420963206568,128,0.015625,8.0
2.1757473028289116,30.787803562152813,129,0.015625,8.0
2.175726866014342,30.78818231144811,130,0.015625,8.0
2.17570665290806,30.788557241685535,131,0.015625,8.0
2.1756866601353053,30.78892838332979,132,0.015625,8.0
2.1756668843970317,30.78929576674163,133,0.015625,8.0
2.175647322466906,30.789659422199215,134,0.015625,8.0
2.175627971188611,30.790019379916846,135,0.015625,8.0
2.1756088274731766,30.790375670061227,136,0.015625,8.0
2.1755898882965177,30.790728322765403,137,0.015625,8.0
2.175571150696989,30.79107736814069,138,0.015625,8.0
2.17555261177327,30.791422836286554,139,0.015625,8.0
2.1755342686820995,30.79176475729882,140,0.015625,8.0
2.1755161186363488,30.792103161276238,141,0.015625,8.0
2.1754981589030997,30.792438078325556,142,0.015625,8.0
2.175480386801789,30.792769538565263,143,0.015625,8.0
2.1754627997025313,30.79309757212808,144,0.015625,8.0
2.1754453950244326,30.79342220916236,145,0.015625,8.0
2.1754281702340528,30.793743479832454,146,0.015625,8.0
2.1754111228439346,30.794061414318143,147,0.015625,8.0
2.1753942504111574,30.794376042813305,148,0.015625,8.0
2.175377550536064,30.79468739552374,149,0.015625,8.0
2.175361020860903,30.794995502664435,150,0.015625,8.0
2.175344659068683,30.795300394456124,151,0.015625,8.0
2.175328462881984,30.79560210112142,152,0.015625,8.0
2.1753124300618722,30.79590065288041,153,0.015625,8.0
2.1752965584067923,30.796196079945855,154,0.015625,8.0
2.1752808457516633,30.79648841251805,155,0.015625,8.0
2.175265289966852,30.796777680779357,156,0.015625,8.0
2.1752498889572642,30.797063914888515,157,0.015625,8.0
2.175234640661513,30.79734714497463,158,0.015625,8.0
2.1752195430510657,30.797627401131116,159,0.015625,8.0
2.175204594129408,30.79790471340937,160,0.015625,8.0
2.175189791931336,30.798179111812434,161,0.015625,8.0
2.175175134522224,30.798450626288474,162,0.015625,8.0
2.175160619997314,30.79871928672429,163,0.015625,8.0
2.1751462464810114,30.798985122938742,164,0.015625,8.0
2.175132012126312,30.79924816467619,165,0.015625,8.0
2.175117915114148,30.79950844159994,166,0.015625,8.0
2.1751039536528136,30.79976598328574,167,0.015625,8.0
2.1750901259773556,30.800020819215288,168,0.015625,8.0
2.1750764303490975,30.80027297876988,169,0.015625,8.0
2.1750628650550805,30.800522491224037,170,0.015625,8.0
2.1750494284075312,30.80076938573933,171,0.015625,8.0
2.1750361187434386,30.801013691358257,172,0.015625,8.0
2.175022934424046,30.801255436998254,173,0.015625,8.0
2.1750098738343855,30.80149465144581,174,0.015625,8.0
2.1749969353829,30.80173136335076,175,0.015625,8.0
2.174984117500964,30.80196560122067,176,0.015625,8.0
2.17497141864251,30.802197393415437,177,0.015625,8.0
2.174958837283633,30.802426768141977,178,0.015625,8.0
2.1749463719222,30.80265375344914,179,0.015625,8.0
2.1749340210775063,30.80287837722271,180,0.015625,8.0
2.174921783289861,30.803100667180676,181,0.015625,8.0
2.174909657120324,30.803320650868535,182,0.015625,8.0
2.1748976411502845,30.80353835565495,183,0.015625,8.0
2.174885733981217,30.803753808727397,184,0.015625,8.0
2.1748739342343217,30.803967037088128,185,0.015625,8.0
2.174862240550169,30.80417806755023,186,0.015625,8.0
2.174850651588498,30.804386926733923,187,0.015625,8.0
2.1748391660278727,30.80459364106293,188,0.015625,8.0
2.1748277825653908,30.804798236761183,189,0.015625,8.0
2.174816499916396,30.80500073984955,190,0.015625,8.0
2.1748053168142505,30.80520117614283,191,0.015625,8.0
2.1747942320100364,30.805399571246888,192,0.015625,8.0
2.174783244272298,30.805595950555965,193,0.015625,8.0
2.1747723523868245,30.80579033925018,194,0.015625,8.0
2.174761555156305,30.805982762293127,195,0.015625,8.0
2.174750851400212,30.806173244429747,196,0.015625,8.0
2.174740239954506,30.806361810184274,197,0.015625,8.0
2.174729719671351,30.806548483858364,198,0.015625,8.0
2.1747192894189578,30.80673328952941,199,0.015625,8.0
1.3257005479918966,114.15706516145433,0,0.00390625,16.0
1.315809806268689,114.66990208761736,1,0.00390625,16.0
1.3083123396622423,115.07806568565628,2,0.00390625,16.0
1.302280885197451,115.42830506557395,3,0.00390625,16.0
1.297298837309171,115.7368368102796,4,0.00390625,16.0
1.2931398889603223,116.00615618348844,5,0.00390625,16.0
1.289652867248888,116.23658548509357,6,0.00390625,16.0
1.2867218066970842,116.42969737744086,7,0.00390625,16.0
1.2842518926187338,116.58855228079942,8,0.00390625,16.0
1.2821639600359749,116.71712374393753,9,0.00390625,16.0
1.2803917227856925,116.81970981106195,10,0.00390625,16.0
1.27887986500901,116.90052000390313,11,0.00390625,16.0
1.277582445129923,116.96343533482168,12,0.00390625,16.0
1.2764614767071336,117.01189459575532,13,0.00390625,16.0
1.2754856650669133,117.04886149564288,14,0.00390625,16.0
1.2746293000528883,117.07683886455516,15,0.00390625,16.0
1.2738713020896455,117.09790741503377,16,0.00390625,16.0
1.2731944122035586,117.11377502912741,17,0.00390625,16.0
1.2725845120732924,117.12582830799828,18,0.00390625,16.0
1.2720300581510635,117.1351818351649,19,0.00390625,16.0
1.2715216137467387,117.1427229034839,20,0.00390625,16.0
1.2710514639515207,117.14915082736027,21,0.00390625,16.0
1.2706132998286659,117.15501074397851,22,0.00390625,16.0
1.2702019600478245,117.16072222488664,23,0.00390625,16.0
1.2698132198719136,117.16660321658657,24,0.00390625,16.0
1.269443619007081,117.17288989721715,25,0.00390625,16.0
1.2690903212480968,117.17975303269145,26,0.00390625,16.0
1.2687510000780229,117.18731137439707,27,0.00390625,16.0
1.2684237454228615,117.19564258244473,28,0.00390625,16.0
1.268106987632068,117.20479209541377,29,0.00390625,16.0
1.2677994354790183,117.2147803061763,30,0.00390625,16.0
1.2675000255696478,117.2256083470258,31,0.00390625,16.0
1.2672078810353113,117.23726273739325,32,0.00390625,16.0
1.2669222777837188,117.24971910421661,33,0.00390625,16.0
1.2666426169058411,117.26294514824123,34,0.00390625,16.0
1.2663684020998538,117.27690299858435,35,0.00390625,16.0
1.2660992211868098,117.2915510720947,36,0.00390625,16.0
1.2658347309665672,117.30684553266767,37,0.00390625,16.0
1.2655746448021628,117.32274142805908,38,0.00390625,16.0
1.2653187224355147,117.33919356728052,39,0.00390625,16.0
1.2650667616290505,117.35615718981587,40,0.00390625,16.0
1.2648185913032215,117.37358846822984,41,0.00390625,16.0
1.2645740659007725,117.39144487785242,42,0.00390625,16.0
1.2643330607569094,117.40968546080228,43,0.00390625,16.0
1.2640954682964853,117.42827100638958,44,0.00390625,16.0
1.2638611949101524,117.44716416569344,45,0.00390625,16.0
1.2636301583894358,117.46632951466206,46,0.00390625,16.0
1.263402285821428,117.48573357728642,47,0.00390625,16.0
1.2631775118621622,117.50534481812612,48,0.00390625,16.0
1.2629557773216415,117.52513361162922,49,0.00390625,16.0
1.2627370280059136,117.5450721941931,50,0.00390625,16.0
1.2625212137707038,117.56513460370837,51,0.00390625,16.0
1.2623082877495833,117.58529661034918,52,0.00390625,16.0
1.262098205725806,117.60553564158347,53,0.00390625,16.0
1.261890925622577,117.62583070374002,54,0.00390625,16.0
1.2616864070906662,117.64616230195175,55,0.00390625,16.0
1.2614846111763853,117.66651235988357,56,0.00390625,16.0
1.2612855000550667,117.68686414031767,57,0.00390625,16.0
1.2610890368189445,117.70720216740303,58,0.00390625,16.0
1.2608951853090833,117.72751215116263,59,0.00390625,16.0
1.2607039099836364,117.74778091468166,60,0.00390625,16.0
1.260515175815458,117.76799632426435,61,0.00390625,16.0
1.2603289482138376,117.78814722274265,62,0.00390625,16.0
1.2601451929656573,117.808223366034,63,0.00390625,16.0
1.2599638761922165,117.82821536298283,64,0.00390625,16.0
1.2597849643185484,117.84811461846951,65,0.00390625,16.0
1.259608424052777,117.86791327973278,66,0.00390625,16.0
1.259434222373505,117.88760418582405,67,0.00390625,16.0
1.25926232652321,117.90718082009087,68,0.00390625,16.0
1.2590927040064646,117.92663726557323,69,0.00390625,16.0
1.2589253225918018,117.9459681631865,70,0.00390625,16.0
1.258760150316304,117.96516867255963,71,0.00390625,16.0
1.2585971554918878,117.9842344353944,72,0.00390625,16.0
1.258436306713092,118.00316154121145,73,0.00390625,16.0
1.258277572865662,118.02194649535002,74,0.00390625,16.0
1.2581209231353476,118.04058618909174,75,0.00390625,16.0
1.2579663270171153,118.05907787178228,76,0.00390625,16.0
1.2578137543239531,118.07741912482923,77,0.00390625,16.0
1.2576631751954181,118.09560783745947,78,0.00390625,16.0
1.257514560105788,118.11364218412527,79,0.00390625,16.0
1.2573678798717225,118.13152060345317,80,0.00390625,16.0
1.257223105659051,118.14924177863504,81,0.00390625,16.0
1.2570802089890645,118.16680461916752,82,0.00390625,16.0
1.2569391617440306,118.18420824384958,83,0.00390625,16.0
1.2567999361721753,118.20145196495487,84,0.00390625,16.0
1.2566625048916045,118.21853527349981,85,0.00390625,16.0
1.2565268408937733,118.23545782553306,86,0.00390625,16.0
1.2563929175463588,118.25221942937743,87,0.00390625,16.0
1.2562607085950752,118.26882003375943,88,0.00390625,16.0
1.2561301881653453,118.28525971676501,89,0.00390625,16.0
1.256001330763059,118.30153867556605,90,0.00390625,16.0
1.2558741112748066,118.31765721686361,91,0.00390625,16.0
1.255748504967702,118.33361574799919,92,0.00390625,16.0
1.2556244874885802,118.349414768688,93,0.00390625,16.0
1.2555020348628592,118.36505486333104,94,0.00390625,16.0
1.2553811234928638,118.38053669386623,95,0.00390625,16.0
1.2552617301557767,118.39586099312159,96,0.00390625,16.0
1.2551438320012736,118.41102855863537,97,0.00390625,16.0
1.2550274065487468,118.42604024691146,98,0.00390625,16.0
1.2549124316844598,118.44089696807934,99,0.00390625,16.0
1.2547988856580403,118.45559968093146,100,0.00390625,16.0
1.2546867470790843,118.47014938831133,101,0.00390625,16.0
1.2545759949133775,118.48454713282865,102,0.00390625,16.0
1.2544666084788112,118.49879399287867,103,0.00390625,16.0
1.2543585674415088,118.51289107894495,104,0.00390625,16.0
1.2542518518113575,118.5268395301659,105,0.00390625,16.0
1.2541464419376567,118.54064051114753,106,0.00390625,16.0
1.2540423185045668,118.55429520900451,107,0.00390625,16.0
1.253939462526576,118.56780483061483,108,0.00390625,16.0
1.2538378553436988,118.58117060007307,109,0.00390625,16.0
1.2537374786167952,118.59439375632826,110,0.00390625,16.0
1.2536383143227372,118.60747555099472,111,0.00390625,16.0
1.2535403447494655,118.6204172463229,112,0.00390625,16.0
1.2534435524912073,118.63322011332012,113,0.00390625,16.0
1.2533479204435203,118.6458854300106,114,0.00390625,16.0
1.2532534317984183,118.65841447982537,115,0.00390625,16.0
1.253160070039371,118.67080855011326,116,0.00390625,16.0
1.2530678189365059,118.68306893076452,117,0.00390625,16.0
1.252976662541684,118.69519691293968,118,0.00390625,16.0
1.252886585183557,118.70719378789627,119,0.00390625,16.0
1.252797571462871,118.71906084590678,120,0.00390625,16.0
1.2527096062474659,118.7307993752617,121,0.00390625,16.0
1.2526226746677231,118.74241066135181,122,0.00390625,16.0
1.2525367621116743,118.75389598582429,123,0.00390625,16.0
1.252451854220439,118.76525662580758,124,0.00390625,16.0
1.2523679368833989,118.7764938532007,125,0.00390625,16.0
1.2522849962339393,118.78760893402163,126,0.00390625,16.0
1.252203018644611,118.79860312781223,127,0.00390625,16.0
1.2521219907229302,118.80947768709419,128,0.00390625,16.0
1.2520418993067253,118.8202338568738,129,0.00390625,16.0
1.251962731460008,118.83087287419156,130,0.00390625,16.0
1.2518844744685698,118.84139596771357,131,0.00390625,16.0
1.2518071158358168,118.8518043573622,132,0.00390625,16.0
1.251730643278604,118.86209925398262,133,0.00390625,16.0
1.2516550447231687,118.8722818590437,134,0.00390625,16.0
1.2515803083011274,118.88235336436982,135,0.00390625,16.0
1.2515064223454804,118.89231495190236,136,0.00390625,16.0
1.2514333753866929,118.90216779348803,137,0.00390625,16.0
1.2513611561490592,118.91191305069299,138,0.00390625,16.0
1.2512897535467662,118.92155187463989,139,0.00390625,16.0
1.2512191566803068,118.93108540586728,140,0.00390625,16.0
1.2511493548328314,118.94051477420899,141,0.00390625,16.0
1.2510803374666342,118.9498410986926,142,0.00390625,16.0
1.2510120942196359,118.95906548745519,143,0.00390625,16.0
1.250944614902041,118.96818903767539,144,0.00390625,16.0
1.2508778894928536,118.97721283552049,145,0.00390625,16.0
1.250811908136777,118.9861379561075,146,0.00390625,16.0
1.2507466611407665,118.99496546347709,147,0.00390625,16.0
1.2506821389711416,119.00369641057927,148,0.00390625,16.0
1.2506183322502125,119.01233183927047,149,0.00390625,16.0
1.2505552317534843,119.0208727803206,150,0.00390625,16.0
1.2504928284065713,119.02932025342933,151,0.00390625,16.0
1.2504311132822359,119.03767526725143,152,0.00390625,16.0
1.2503700775976494,119.0459388194298,153,0.00390625,16.0
1.2503097127115286,119.05411189663594,154,0.00390625,16.0
1.2502500101214213,119.06219547461716,155,0.00390625,16.0
1.250190961460989,119.07019051824989,156,0.00390625,16.0
1.2501325584974339,119.07809798159886,157,0.00390625,16.0
1.2500747931288743,119.08591880798119,158,0.00390625,16.0
1.2500176573818642,119.09365393003533,159,0.00390625,16.0
1.2499611434089104,119.10130426979434,160,0.00390625,16.0
1.2499052434860367,119.10887073876299,161,0.00390625,16.0
1.2498499500105247,119.11635423799838,162,0.00390625,16.0
1.2497952554983787,119.12375565819377,163,0.00390625,16.0
1.2497411525823203,119.13107587976538,164,0.00390625,16.0
1.2496876340093621,119.13831577294147,165,0.00390625,16.0
1.249634692638752,119.145476197854,166,0.00390625,16.0
1.2495823214398172,119.15255800463221,167,0.00390625,16.0
1.2495305134898977,119.1595620334978,168,0.00390625,16.0
1.2494792619721782,119.1664891148621,169,0.00390625,16.0
1.2494285601739676,119.17334006942401,170,0.00390625,16.0
1.249378401484467,119.1801157082697,171,0.00390625,16.0
1.2493287793930339,119.18681683297258,172,0.00390625,16.0
1.249279687487192,119.19344423569495,173,0.00390625,16.0
1.2492311194509256,119.19999869928935,174,0.00390625,16.0
1.2491830690628039,119.20648099740119,175,0.00390625,16.0
1.2491355301941827,119.21289189457117,176,0.00390625,16.0
1.2490884968076426,119.21923214633834,177,0.00390625,16.0
1.2490419629551148,119.22550249934312,178,0.00390625,16.0
1.2489959227764231,119.23170369143016,179,0.00390625,16.0
1.2489503704975178,119.2378364517515,180,0.00390625,16.0
1.2489053004289712,119.24390150086921,181,0.00390625,16.0
1.248860706964475,119.24989955085803,182,0.00390625,16.0
1.248816584579238,119.25583130540731,183,0.00390625,16.0
1.248772927828556,119.261697459923,184,0.00390625,16.0
1.2487297313463408,119.26749870162887,185,0.00390625,16.0
1.2486869898437334,119.27323570966715,186,0.00390625,16.0
1.2486446981077215,119.27890915519882,187,0.00390625,16.0
1.2486028509996796,119.28451970150303,188,0.00390625,16.0
1.2485614434541858,119.29006800407596,189,0.00390625,16.0
1.2485204704776542,119.2955547107289,190,0.00390625,16.0
1.2484799271469562,119.30098046168547,191,0.00390625,16.0
1.248439808608401,119.30634588967837,192,0.00390625,16.0
1.2484001100762363,119.31165162004476,193,0.00390625,16.0
1.2483608268317123,119.31689827082133,194,0.00390625,16.0
1.2483219542217032,119.32208645283796,195,0.00390625,16.0
1.2482834876576767,119.32721676981102,196,0.00390625,16.0
1.2482454226145396,119.33228981843516,197,0.00390625,16.0
1.2482077546295063,119.33730618847471,198,0.00390625,16.0
1.2481704793010344,119.34226646285359,199,0.00390625,16.0
